LTE/5G,Packet Loss Rate,Packet delay,GBR,Healthcare,Industry 4.0,IoT Devices,Public Safety,Smart City & Home,Smart Transportation,Smartphone
0.3745401188473625,0.18575907066959796,0.26170568373590597,0.672702994208898,1,0,0,1,0,1,0
0.9507143064099162,0.5419815971496895,0.24697879907199982,0.7966813971913723,0,1,1,0,0,0,0
0.7319939418114051,0.8732678977603333,0.9062545805210367,0.250467898792499,1,0,0,1,0,0,0
0.5986584841970366,0.7322658808164736,0.2495461998495061,0.6248740996069989,0,1,1,0,0,0,0
0.15601864044243652,0.8056849593138792,0.271949726128631,0.5717459831437487,0,0,1,0,0,1,0
0.15599452033620265,0.6583530021290197,0.7593982624179637,0.8328303767882711,0,1,0,0,0,1,0
0.05808361216819946,0.6926127591866582,0.44973984245054,0.9060870604812605,1,1,1,0,1,0,0
0.8661761457749352,0.8492789794739992,0.7767105569551812,0.012156771477386807,0,0,1,0,1,0,0
0.6011150117432088,0.2502585038118388,0.06536615756438524,0.6740199190587927,1,1,0,1,0,1,0
0.7080725777960455,0.48962660092465904,0.4875711936733843,0.05183579911972902,0,0,0,1,0,0,1
0.020584494295802447,0.2207260908742509,0.03361360018328263,0.5488586650773559,1,0,0,0,0,0,0
0.9699098521619943,0.9872699759277866,0.06265320345535452,0.2876327290436782,0,0,0,0,0,1,0
0.8324426408004217,0.9441107983818748,0.906437453344411,0.3067765995221412,1,1,1,1,1,1,0
0.21233911067827616,0.038269789335505844,0.13924537111759516,0.3529585034523566,1,1,0,1,1,1,0
0.18182496720710062,0.7064118934585,0.5324206822752171,0.6212924490496101,1,0,0,0,0,0,0
0.18340450985343382,0.9254691907838546,0.41109560260070654,0.3340499656687692,1,0,0,1,1,0,0
0.3042422429595377,0.18118886242585797,0.3473433262588427,0.7326990505902804,1,1,0,1,1,0,1
0.5247564316322378,0.5671549285822248,0.8998333456872725,0.4045273855738697,1,1,0,1,0,0,1
0.43194501864211576,0.9161105801682194,0.0218233967754895,0.06835320030995862,0,1,1,0,0,1,1
0.2912291401980419,0.03506172804131272,0.6637896861755891,0.7837598424841072,1,0,0,1,0,0,0
0.6118528947223795,0.6967598280691513,0.9633944342135504,0.285758324592706,1,0,1,0,0,0,0
0.13949386065204183,0.29773470827000265,0.5601681834618419,0.43276687959926263,1,0,0,0,1,1,0
0.29214464853521815,0.924396750348874,0.9368224620330918,0.6854438832219015,0,0,0,0,0,1,1
0.3663618432936917,0.9702860282412437,0.05225787928602377,0.332456157148712,0,0,0,0,1,0,0
0.45606998421703593,0.9445129310993599,0.4187933190741614,0.056585656146715624,0,1,0,0,0,1,0
0.7851759613930136,0.47463101825988246,0.26015779096205116,0.3739210470128136,1,0,0,1,1,1,1
0.19967378215835974,0.861742087712979,0.7308209649807298,0.9444485826943034,0,1,0,0,0,0,1
0.5142344384136116,0.845132356795198,0.9812970904972467,0.6417343972985582,0,1,0,0,0,0,0
0.5924145688620425,0.31826709153986105,0.2565300624442478,0.6714791486672069,1,0,0,0,1,0,0
0.046450412719997725,0.8281680960774526,0.6541746014740745,0.6322821536376398,1,1,1,1,1,0,0
0.6075448519014384,0.037075933413287,0.19809763275974013,0.1989921389594368,0,0,0,1,1,1,0
0.17052412368729153,0.5962825711210392,0.5653302545716099,0.41833386410228013,1,1,1,1,0,1,1
0.06505159298527952,0.22965055054349098,0.4639324866883362,0.7509397983633183,1,0,0,1,1,0,0
0.9488855372533332,0.12097168299526476,0.9720053296315371,0.10137289755315915,1,0,1,1,1,0,0
0.9656320330745594,0.07721864878631714,0.6085272726964666,0.27785277608971226,1,1,0,1,1,1,1
0.8083973481164611,0.6967178454136067,0.3495063720868188,0.2763191084658536,0,0,0,1,1,0,0
0.3046137691733707,0.33981339555039003,0.11409578488793337,0.432018927594506,1,1,0,0,1,0,0
0.09767211400638387,0.7250680616627506,0.15124682873493456,0.9803687409421851,0,0,1,0,1,0,1
0.6842330265121569,0.06513351564742738,0.2253169299512351,0.06750254668382194,0,0,1,1,1,0,1
0.4401524937396013,0.3163172471756536,0.250966661340298,0.518700994380595,0,0,1,0,1,1,0
0.12203823484477883,0.5390850194902762,0.8506160578411378,0.17936468201221045,0,1,1,0,1,0,1
0.4951769101112702,0.7917758135536928,0.5612227882825249,0.9706765454097441,1,1,0,1,0,1,1
0.034388521115218396,0.3187699469056146,0.5233909113743664,0.1133035047274642,1,0,0,0,0,0,0
0.9093204020787821,0.6252036209922247,0.11476887186921747,0.40360100236159124,1,1,0,0,1,0,1
0.2587799816000169,0.8866617879114315,0.860139693349435,0.7378849848346062,0,0,1,1,0,1,0
0.662522284353982,0.615926138876502,0.7228143032084837,0.7045544280274453,0,1,0,0,0,0,0
0.31171107608941095,0.23338503680282388,0.06766836190000158,0.42272863689393225,0,1,1,1,1,1,0
0.5200680211778108,0.025012709515809316,0.7078350972297687,0.34652416795271823,1,0,1,1,1,0,0
0.5467102793432796,0.8702678516780024,0.5435382173426461,0.39761237855287057,0,0,1,0,1,0,1
0.18485445552552704,0.02097329042798073,0.08172534574677826,0.2642762631586393,1,0,1,0,1,0,0
0.9695846277645586,0.8751895293730341,0.45830064152865646,0.2053329387067998,1,0,1,0,1,0,0
0.7751328233611146,0.5289375117809393,0.484696287130047,0.48303969755889,1,0,0,1,1,0,0
0.9394989415641891,0.9394106274222004,0.16577454016327575,0.2685337560676073,1,1,1,1,0,1,0
0.8948273504276488,0.7977063704867696,0.9456981470002823,0.2874616648972501,0,1,1,1,1,1,1
0.5978999788110851,0.9981576013918424,0.8499753714806619,0.6567560634745571,1,0,0,0,0,0,1
0.9218742350231168,0.35039252253913766,0.6690223373291083,0.9685373316998922,0,0,1,0,1,0,1
0.0884925020519195,0.7680149437497161,0.4622955610006072,0.6036372005593751,1,0,1,1,1,1,0
0.1959828624191452,0.4022424572831867,0.4117655415845085,0.07697946706496628,0,1,0,0,0,1,1
0.045227288910538066,0.4799955491768335,0.6509734671509542,0.07558361385406698,0,0,0,0,1,0,1
0.32533033076326434,0.6277486182150452,0.5454318694069055,0.951423220845566,1,0,0,1,1,0,0
0.388677289689482,0.8731778937599004,0.062273105881885615,0.29729079030733363,1,1,1,1,0,1,1
0.2713490317738959,0.9848950975445592,0.5125026487703317,0.09206698608247543,1,1,0,0,1,0,0
0.8287375091519293,0.7692690990737266,0.8064036172328395,0.5990445871503816,0,1,0,1,0,1,1
0.3567533266935893,0.4179632389226079,0.45923987759695806,0.6236487782902661,1,1,0,0,1,0,1
0.28093450968738076,0.422152204061357,0.05195657755426841,0.6485048201186882,1,0,1,1,1,1,1
0.5426960831582485,0.7372977274895552,0.7862781993840331,0.2674020278575413,0,1,0,1,0,1,1
0.14092422497476265,0.23837858898518985,0.2013637821359744,0.015110684214475034,1,1,1,1,1,0,0
0.8021969807540397,0.11049457550575911,0.2586208348880388,0.9650153694544719,0,0,1,0,0,1,0
0.07455064367977082,0.3548396281599605,0.1647063534322959,0.2508930456911025,1,0,0,0,0,0,1
0.9868869366005173,0.28704199831346017,0.33021506487149754,0.6760262880525475,0,0,1,1,0,0,0
0.7722447692966574,0.2965770045511743,0.756751505688635,0.7066298698787096,0,1,1,1,1,0,1
0.1987156815341724,0.23376094579094664,0.5193858595039373,0.6100074170794857,1,0,0,1,1,0,1
0.005522117123602399,0.041594036248716354,0.20488127415071256,0.3129073942136482,0,1,1,0,0,1,1
0.8154614284548342,0.018133331242139672,0.8778300781520408,0.27109625376406576,1,1,0,1,1,0,1
0.7068573438476171,0.9881541538572923,0.8795818549515292,0.5976682827027031,1,1,1,1,1,0,1
0.7290071680409873,0.42785886839465753,0.8705784250460069,0.8660956336116915,0,0,1,1,1,0,1
0.7712703466859457,0.3849029712113125,0.23879621138153928,0.9467337289233956,1,1,0,1,0,0,0
0.07404465173409036,0.6790385807963214,0.4512393441809881,0.10590580440375763,0,0,0,0,1,1,0
0.3584657285442726,0.21848786307613008,0.9849896561408751,0.15482861259771985,0,0,1,0,0,0,1
0.11586905952512971,0.949376043597027,0.7720124763099904,0.9447362587830797,0,0,1,1,1,1,0
0.8631034258755935,0.7857879737364355,0.027167421225559818,0.7365352283347926,0,1,0,0,1,1,1
0.6232981268275579,0.08909553689539061,0.06520459126049205,0.8829938248297731,0,1,1,0,0,1,0
0.3308980248526492,0.41710974569314124,0.46393137681233276,0.20263263413534316,0,1,1,0,1,0,0
0.06355835028602363,0.8788443096527941,0.9092202058615602,0.5875858711094019,0,0,1,1,0,0,0
0.3109823217156622,0.9446249471360547,0.5387017979527142,0.7011395944174736,0,1,1,0,1,0,1
0.32518332202674705,0.4678200884930354,0.4978125080342902,0.6801118854469727,1,1,0,0,0,0,0
0.7296061783380641,0.6132508096913548,0.10547369995663058,0.4081516908666981,1,1,0,0,1,1,1
0.6375574713552131,0.16624113323869044,0.656780104724294,0.015394891691308477,0,1,0,1,1,1,1
0.8872127425763265,0.9917386600602242,0.8221031606002255,0.5829260568042631,1,1,0,1,1,0,1
0.4722149251619493,0.23125315631663587,0.38042000750756233,0.25310153917960876,1,0,0,0,0,0,0
0.1195942459383017,0.9427024139215734,0.7756118509253275,0.45025424614289034,1,0,0,0,0,0,0
0.713244787222995,0.6498699172458389,0.9644766539008116,0.9575810150838173,1,0,1,1,0,0,0
0.7607850486168974,0.6078366000880605,0.2037664591276891,0.3990353176424347,1,0,0,1,1,0,1
0.5612771975694962,0.5132356007902693,0.5233296311947413,0.8398016066644267,1,1,1,0,0,0,1
0.770967179954561,0.23090931328945508,0.28713795808457554,0.18854060574925113,0,0,1,0,0,0,0
0.49379559636439074,0.1760973772156597,0.7928544190338394,0.6724604980250288,1,1,1,1,0,1,1
0.5227328293819941,0.22157549015717118,0.5775933658811575,0.9770069544389435,1,0,0,1,0,1,0
0.42754101835854963,0.18653542887592364,0.6345824175503038,0.10189310087293679,1,0,1,0,0,1,0
0.02541912674409519,0.7795108034534426,0.7979141596158941,0.008319942227192012,1,0,0,1,0,1,0
0.10789142699330445,0.3506072218782579,0.3959704726624549,0.43358279263261434,0,1,1,0,0,0,0
0.03142918568673425,0.0579674020363614,0.9150900684070432,0.0926254830513672,0,1,1,0,0,0,1
0.6364104112637804,0.969302244237281,0.53302886724614,0.7483843496762314,0,0,0,0,0,0,0
0.3143559810763267,0.8850319769627261,0.157954822835348,0.9145486638485589,0,1,1,1,0,0,0
0.5085706911647028,0.9276147224810855,0.6958991181688025,0.43402097270875883,1,0,1,0,1,0,0
0.907566473926093,0.9947489421994266,0.7932613504382544,0.25871164215544096,0,0,1,0,1,1,0
0.24929222914887494,0.17395353847549352,0.31676167706752667,0.4344033190066098,0,0,1,1,0,0,0
0.41038292303562973,0.3967777768704493,0.857179256998753,0.723447817850001,0,1,0,1,1,1,0
0.7555511385430487,0.7574852086889962,0.9061432547657664,0.009054161580370979,0,0,1,0,1,0,0
0.22879816549162246,0.695037840108054,0.2769044873778089,0.5894539894846972,1,0,1,0,0,1,1
0.07697990982879299,0.15360234870454498,0.9835214727152221,0.6132916848873791,0,0,0,1,0,0,1
0.289751452913768,0.8150161635110881,0.14071152804875842,0.6376882468959355,1,1,1,1,0,1,1
0.16122128725400442,0.22422815616289785,0.20201566840248997,0.2420220799808772,0,0,1,1,1,0,1
0.9296976523425731,0.22406886467068773,0.18422483923802613,0.7140527233781268,1,1,1,0,0,0,0
0.808120379564417,0.5365290484616374,0.8939897100078704,0.0913914863317764,1,0,1,0,1,0,1
0.6334037565104235,0.5922265215533125,0.6542925523249619,0.1992703364668008,0,1,0,0,0,0,1
0.8714605901877177,0.5801208764186688,0.15210428322227287,0.8774700466544819,0,0,1,1,1,1,1
0.8036720768991145,0.09191810914006246,0.440323418368349,0.7387231507265664,0,0,0,0,1,0,0
0.18657005888603584,0.8766133759111221,0.615298025069802,0.013745554011345251,0,1,1,1,0,1,1
0.8925589984899778,0.26601015878785905,0.08346408498938329,0.2483762603698002,1,1,1,0,0,0,1
0.5393422419156507,0.12992357438467333,0.8824163684073387,0.21440648299316456,1,0,1,1,1,1,0
0.8074401551640625,0.8892251224200555,0.8036035354415352,0.2708063280369726,0,1,0,0,1,0,1
0.8960912999234932,0.9562607383371892,0.5052067735766382,0.2475597702798864,0,0,1,0,0,0,0
0.3180034749718639,0.8632286242277805,0.9671266152591704,0.06252629574284574,1,0,1,1,0,1,1
0.11005192452767676,0.8093380287005686,0.4177609792750997,0.45894051659682034,0,0,0,1,1,0,0
0.22793516254194168,0.6552967664290607,0.9841103190364978,0.7327334747861651,1,1,0,0,0,0,1
0.4271077886262563,0.5506491513925152,0.6679199988036271,0.6067317247174364,0,0,0,1,1,1,1
0.8180147659224931,0.08698774833378804,0.6346712732539415,0.6728716685980798,1,1,0,1,0,0,1
0.8607305832563434,0.4092196497485169,0.165954895295785,0.08114917853623915,1,0,1,0,0,1,0
0.006952130531190703,0.37201600977034865,0.881927758304644,0.9514907101767872,1,1,1,1,0,0,1
0.5107473025775657,0.2593232589242434,0.42748968792061515,0.8384918338430248,1,1,1,0,1,1,0
0.417411003148779,0.7241087041568373,0.16223340578247936,0.8050903184956627,1,0,1,0,0,1,0
0.22210781047073025,0.49638575333222185,0.01260751997575904,0.8229838050417675,0,1,0,1,1,1,0
0.1198653673336828,0.08086465008423939,0.5597556836383826,0.9327105081327614,1,0,1,1,0,1,0
0.33761517140362796,0.2206104029503717,0.5273996221226763,0.5442539661136977,0,0,1,0,1,0,1
0.9429097039125192,0.6834293715808419,0.7193536223691586,0.2002820178676259,1,0,1,0,1,0,1
0.32320293202075523,0.07688099679480068,0.8902580530178021,0.6167836078525412,1,0,1,0,0,1,1
0.5187906217433661,0.8512441688456821,0.07940658464302952,0.742881493667939,0,0,0,0,1,0,0
0.7030189588951778,0.49565934307091064,0.7314964903403623,0.7379173933540254,0,1,1,0,1,0,1
0.363629602379294,0.4819075832818943,0.18741194409758222,0.5214490241668801,0,0,1,0,1,0,0
0.9717820827209607,0.5927068342370413,0.858177053157164,0.06845871933357806,0,1,1,1,1,1,0
0.9624472949421112,0.8247056300080466,0.8190635138616561,0.3711129384301278,1,1,0,1,0,0,0
0.25178229582536416,0.3481704313948035,0.5407937549855444,0.9207666084633573,0,0,0,1,0,0,1
0.49724850589238545,0.6778335121299616,0.7102427986233115,0.584448909757426,1,1,1,0,0,1,1
0.30087830981676966,0.5669259478485534,0.3143501131837484,0.5383319432557134,0,0,1,1,1,0,0
0.2848404943774676,0.26711830568826933,0.47116789893281463,0.2688535143821935,0,1,1,0,1,1,1
0.036886947354532795,0.8784935196950452,0.8216368977104717,0.3684489199165789,1,1,0,0,0,1,1
0.6095643339798968,0.7970081771044181,0.4592651971732139,0.8953460891531693,1,1,1,1,0,1,0
0.5026790232288615,0.6590004447542287,0.3577982653254418,0.6664630475268357,0,0,1,0,1,0,0
0.05147875124998935,0.8510153228006557,0.4942124472502999,0.7873870267523329,1,1,1,0,0,0,1
0.27864646423661144,0.8670455237740953,0.8282492524372184,0.45434542306765513,1,0,0,0,0,1,0
0.9082658859666537,0.708651202387596,0.33520804737087273,0.6302472194561579,1,1,1,0,1,1,0
0.23956189066697242,0.8362590503795656,0.1737615931357438,0.24838360874320753,1,1,1,0,0,1,1
0.1448948720912231,0.6975639469568202,0.7120140203307808,0.7054608302834863,1,1,0,0,1,1,1
0.489452760277563,0.6803671499363387,0.8259782127080818,0.4276013337033373,1,1,0,1,0,1,0
0.9856504541106007,0.6194650431199639,0.10063747852353333,0.4425455148147456,1,0,1,0,1,1,1
0.2420552715115004,0.7523312301562769,0.23987411275594472,0.6493223245768817,1,0,0,0,1,0,0
0.6721355474058786,0.15796592897867254,0.1419719897609939,0.9362806214689267,0,1,1,0,1,1,0
0.7616196153287176,0.8804230452184659,0.3479414115821666,0.06400634660862092,1,1,0,0,1,1,1
0.23763754399239967,0.8711752434950746,0.45035097890541265,0.8247432373470076,0,0,0,1,1,1,0
0.7282163486118596,0.029915611713438636,0.7488263369633065,0.2923831104121931,1,0,1,1,0,0,0
0.3677831327192532,0.8265910702122747,0.6511475848816741,0.4439194545063778,1,0,1,0,0,0,0
0.6323058305935795,0.12902997576241962,0.6209285674784312,0.021913328775008956,1,0,1,0,0,0,1
0.6335297107608947,0.33572950173198446,0.3523749466096544,0.30104607783431303,1,1,0,0,1,0,1
0.5357746840747585,0.7435752354818979,0.8414475530847599,0.5026312426301305,0,1,1,1,0,1,1
0.0902897700544083,0.16071234022445782,0.47128716739816456,0.05617607734743901,0,0,1,1,1,0,0
0.835302495589238,0.8178005053095353,0.9791049380151545,0.49109572938316515,1,0,1,1,1,1,0
0.32078006497173583,0.8319789824620532,0.6341421382957368,0.9271106288584273,0,0,1,1,0,1,1
0.18651851039985423,0.5066938329826817,0.12626474156450274,0.10539321810780522,1,0,1,0,1,1,1
0.040775141554763916,0.006517999098637249,0.676177562075434,0.7644407280755043,1,0,0,1,0,1,1
0.5908929431882418,0.28701796621980574,0.325104015431699,0.40967105337599263,0,0,1,1,1,1,0
0.6775643618422824,0.6172995987377812,0.6863271966860974,0.655173714524338,0,1,1,0,1,1,1
0.016587828927856152,0.9812329397756427,0.06964114816240574,0.26023659798522936,1,1,0,0,0,0,0
0.512093058299281,0.6317321751658839,0.1748814371759594,0.1594922625413583,1,1,1,1,1,0,1
0.22649577519793795,0.259367984549156,0.8557372589057863,0.16046261427122643,0,0,1,1,0,0,0
0.6451727904094499,0.6340417797180222,0.2271795570235149,0.07049194564314465,1,0,1,1,1,0,0
0.17436642900499144,0.5403544983312636,0.83704112524294,0.18564670490124302,0,0,1,1,0,0,1
0.690937738102466,0.7792737256556017,0.27927608845441043,0.6642193849889683,1,1,1,0,1,1,0
0.3867353463005374,0.10702437570379877,0.6428819100587077,0.881690611843508,1,0,0,0,0,0,1
0.9367299887367345,0.7611444239777928,0.694150573509831,0.8141256855911618,0,0,0,1,0,0,0
0.13752094414599325,0.5409075462843012,0.5126547531450529,0.6851343098744841,0,1,0,1,1,0,0
0.3410663510502585,0.9626980757065406,0.3053106766967313,0.11043186341110267,0,0,1,1,0,1,1
0.11347352124058907,0.3419874714630692,0.21264437637109612,0.28918744629594983,1,1,0,1,1,1,0
0.9246936182785628,0.6320551826248018,0.03318935456242622,0.309806875322469,1,1,1,1,1,1,1
0.877339353380981,0.9322030673676421,0.3039464012407238,0.24995694639762123,1,0,1,0,0,0,1
0.2579416277151556,0.10206205080384965,0.653162790531283,0.5150056597097231,1,1,1,0,0,0,1
0.659984046034179,0.9377599140829678,0.9383048184484827,0.5355538148796726,0,0,0,0,0,0,0
0.8172222002012158,0.6890546361735075,0.871204482263052,0.3568859751711102,1,1,0,1,0,0,0
0.5552008115994623,0.067406680704321,0.7660647765353026,0.353789158736436,1,0,0,1,0,0,0
0.5296505783560065,0.3012306708780036,0.7884473432532987,0.8285555979060814,1,1,1,0,1,1,1
0.24185229090045168,0.7078087176928406,0.6649849034759953,0.7892928483196856,0,0,0,0,0,0,1
0.09310276780589921,0.0678710785556706,0.260286857566003,0.30779583168074565,1,1,1,1,1,1,0
0.8972157579533268,0.5815378309717306,0.9071950307058299,0.9137884438732593,1,1,0,0,0,0,0
0.9004180571633305,0.34612335033217057,0.670732311905834,0.952815017002506,0,1,0,1,0,1,1
0.6331014572732679,0.6204790232840325,0.56044063098044,0.32674254203004083,1,0,1,1,0,1,0
0.3390297910487007,0.04563854151796366,0.11098946921348107,0.35442494879305486,1,0,1,0,1,1,1
0.3492095746126609,0.8710212935148026,0.4470555438064254,0.5056341534219588,0,1,0,0,0,1,0
0.7259556788702394,0.9739001444128448,0.4603582712019263,0.9411208125336735,1,0,0,0,1,0,1
0.8971102599525771,0.9684593651084716,0.86456360952267,0.8763194331423115,1,1,0,1,1,0,0
0.8870864242651173,0.7499278138725907,0.5466482201877885,0.1025679625835898,1,0,1,1,1,0,0
0.7798755458576239,0.1299141911165008,0.38040054897040965,0.3927307432714162,0,1,1,0,0,1,1
0.6420316461542878,0.7582059597431231,0.9768003285106593,0.5533711897497718,1,0,0,1,1,0,1
0.08413996499504883,0.024660794412501574,0.11072059332631567,0.50313247255154,1,1,0,1,0,0,1
0.16162871409461377,0.02174263919316783,0.4225484283119446,0.19386306793689267,0,1,1,1,1,0,0
0.8985541885270792,0.32371540270631166,0.04202467517140529,0.8588167711681547,0,1,0,0,0,0,1
0.6064290596595899,0.48940835768684293,0.7399041207669304,0.6769407829968374,1,1,1,1,1,1,1
0.009197051616629648,0.7700183704148769,0.9180765521991506,0.8379083748518036,1,0,1,0,0,1,0
0.1014715428660321,0.6838812816781421,0.28003732955048943,0.8587642793494722,1,1,1,0,0,0,1
0.6635017691080558,0.4466517551934922,0.8583416767991209,0.7483558536657398,1,0,1,1,0,0,1
0.005061583846218687,0.27321858878715183,0.29221823046189777,0.43921060124971734,0,0,1,0,1,0,1
0.16080805141749865,0.9963969728551658,0.9107701616439152,0.6105467550154245,1,1,1,1,1,1,0
0.5487337893665861,0.4263322826860588,0.7539619035967839,0.16036540611974315,0,0,0,0,0,1,0
0.6918951976926933,0.45111332056829206,0.8049067768414386,0.6736454174749077,0,0,1,0,1,1,0
0.6519612595026005,0.16455812280125068,0.0180065556004545,0.17925325573928075,1,0,1,1,1,0,1
0.22426930946055978,0.7948269525201793,0.962810357074026,0.6939495905101568,1,1,0,0,1,1,0
0.7121792213475359,0.693281126077471,0.7266709920703233,0.22959816075396866,0,0,1,0,1,1,1
0.23724908749680007,0.22019603303325455,0.3047510953861333,0.11755130015021997,0,0,0,0,1,1,1
0.3253996981592677,0.08292599809538811,0.8293946648588469,0.16528449014295743,1,1,1,1,1,1,1
0.7464914051180241,0.680213710087671,0.28152119841492995,0.001992135219070268,0,1,0,1,1,1,0
0.6496328990472147,0.6545331286808654,0.872753839566128,0.7187396178535302,1,0,0,0,0,0,0
0.8492234104941779,0.2737374283707656,0.11258039041193701,0.7324010490583791,1,1,1,0,0,0,1
0.6576128923003434,0.9506214330744449,0.7036859774607958,0.5149333499132595,0,0,1,0,1,0,1
0.5683086033354716,0.15103492736653015,0.5406984766449103,0.1613628010553837,0,0,1,1,0,0,0
0.09367476782809248,0.43232651683769063,0.09653447019544081,0.08355433751068975,1,0,1,1,0,1,0
0.3677158030594335,0.9439575824233569,0.24189382825883898,0.01912896643728701,0,1,0,0,0,0,0
0.26520236768172545,0.42002268909387747,0.01240403627731479,0.1657481769652207,1,0,0,1,1,0,1
0.24398964337908358,0.6384158907984582,0.46876796546450583,0.8908555349831467,1,1,0,1,1,0,0
0.9730105547524456,0.3976262224935425,0.3012652607600004,0.24153684170168177,1,1,1,1,1,1,0
0.3930977246667604,0.27402931284290827,0.5983574842977588,0.35427132721721566,0,0,0,1,1,0,0
0.8920465551771133,0.9832388417563686,0.2972378077086172,0.10534548448133318,1,1,1,0,1,1,1
0.6311386259972629,0.4094628067437421,0.2999191115069847,0.22236130474817029,1,1,1,1,0,1,0
0.7948113035416484,0.8950452995595509,0.7431931987316034,0.5192245707802051,1,1,0,1,1,1,1
0.5026370931051921,0.22951274632074065,0.04814283597835345,0.6077526830956526,1,1,1,0,0,0,1
0.5769038846263591,0.21271818917028196,0.9028949951919872,0.24535231416621106,1,1,0,0,1,1,1
0.4925176938188639,0.03069871899868949,0.8522638743911815,0.05773215922511721,1,0,1,1,0,0,0
0.1952429877980445,0.6520291212652466,0.6678046832264065,0.39103286912739865,1,1,0,1,1,0,0
0.7224521152615053,0.36875058645085934,0.5932215701073843,0.23420337092633414,1,0,1,0,1,0,0
0.2807723624408558,0.8642789809934288,0.8923024981396522,0.21955392322980194,1,0,0,0,1,1,1
0.02431596643145384,0.47275089716073765,0.18533017952871444,0.9598628027134553,1,0,0,0,1,1,0
0.6454722959071678,0.9682396163105417,0.07896916219082861,0.6163004859257241,1,0,1,1,1,0,1
0.17711067940704894,0.18474320463945323,0.2395101699095381,0.5568784431720959,0,0,1,1,1,1,0
0.9404585843529143,0.8686948812390395,0.7945782787001903,0.4157751035233219,1,0,0,0,0,1,0
0.9539285770025874,0.7770326149847857,0.03467026672648332,0.42894433343014426,1,1,1,1,1,1,0
0.9148643902204485,0.7702962450757351,0.5828068350834896,0.5409050038380808,1,1,1,0,0,0,0
0.3701587002554444,0.8440169689784728,0.9954375161913099,0.6964298070361072,0,1,1,1,1,1,1
0.015456616528867428,0.7618137098888463,0.8556960938375394,0.7021460961818294,1,0,0,0,0,1,1
0.9283185625877254,0.6259144418116631,0.5214456890435895,0.17169390770544957,0,1,0,0,0,0,1
0.42818414831731433,0.1318128516053595,0.06364090928664234,0.500112752076627,1,1,1,1,0,1,1
0.9666548190436696,0.032449180658653,0.8313735143857098,0.41195809503410197,1,1,1,1,0,0,0
0.9636199770892528,0.9207668704072162,0.5989785081772105,0.8705269662693842,0,0,0,1,0,1,1
0.8530094554673601,0.6168695208704864,0.11493299705956683,0.6314189212183764,1,1,1,1,0,1,1
0.2944488920695857,0.7960952915478031,0.0938572848233562,0.5325040664159818,0,0,0,1,1,1,1
0.38509772860192526,0.4815886000842979,0.9096268194365924,0.11539464217891737,0,1,1,1,0,1,0
0.8511366715168569,0.11711744425498243,0.6692002629380784,0.6056378893234114,1,0,1,0,1,1,1
0.31692200515627766,0.12452554548084792,0.8292867993167555,0.11720390568023342,1,0,1,1,1,1,1
0.1694927466860925,0.6857340282663346,0.8789789002822673,0.33720657556575206,1,0,0,0,0,0,0
0.5568012624583502,0.43017424099602375,0.5717723520483222,0.14284196481433187,1,1,0,0,0,1,0
0.936154774160781,0.20044621428611437,0.5174463517550413,0.6920736470243689,0,1,0,1,1,1,1
0.696029796674973,0.4909894662697298,0.4304274103209902,0.2062521138361526,0,0,0,0,0,1,1
0.570061170089365,0.0650046372590155,0.3169465877911193,0.391859373188026,1,1,1,0,0,0,0
0.09717649377076854,0.5824097590075918,0.43459596085871177,0.8956747776187787,0,0,1,1,0,0,1
0.6150072266991697,0.26947548237718366,0.7738796557301564,0.2043163833989703,0,0,0,1,0,0,0
0.9900538501042633,0.7974063782859673,0.6019234310151316,0.5078050639587791,1,1,1,1,0,1,1
0.14008401523652403,0.30949736747882206,0.8925232899548461,0.419271661166022,0,1,1,0,0,1,1
0.5183296523637367,0.45619660777304594,0.4433800143791877,0.018124041045729733,0,1,0,1,0,0,1
0.8773730719279554,0.0115899911540977,0.607089578718754,0.7927581135728128,1,0,1,1,1,0,1
0.7407686177542044,0.07207248789654885,0.6313075530919887,0.06904590631459973,0,0,1,1,0,0,1
0.697015740995268,0.39270195719392637,0.5916971623063255,0.4742550209769536,1,1,0,1,1,1,0
0.7024840839871093,0.48052239511112516,0.7026337730855163,0.5606782949389499,0,0,1,0,1,0,0
0.35949115121975517,0.600009022841261,0.23743346837480628,0.6284264566145871,1,1,1,1,1,1,1
0.29359184426449336,0.2923018662932729,0.5123637775457907,0.6886316293078756,0,0,1,0,1,1,1
0.8093611554785136,0.695523386095801,0.10422480280834767,0.2532723835227151,0,1,0,1,0,1,1
0.8101133946791808,0.8595842065955035,0.38451132764481255,0.009978776658449373,1,1,0,0,1,0,0
0.8670723185801037,0.7795140938405201,0.4876670686212644,0.723443662354912,1,0,1,0,1,1,0
0.9132405525564713,0.04009759392999703,0.6522242595454725,0.5356565993475786,1,1,1,0,1,0,0
0.5113423988609378,0.47915064097592375,0.9505310525862035,0.8361177032072488,1,1,1,1,1,0,0
0.5015162946871996,0.10485545057159237,0.6006510665483559,0.8213883629006943,0,0,0,0,1,0,0
0.7982951789667752,0.24132960026171513,0.7435939161765598,0.8433261677878832,0,1,0,1,0,0,0
0.6499639307777652,0.9864243163664297,0.5062660594952028,0.48509465997954015,0,0,0,1,0,1,0
0.7019668772577033,0.14234613285699863,0.6341040313763313,0.33362839583686565,1,1,1,1,1,1,0
0.795792669436101,0.4987090312624023,0.07093221613377343,0.79155820259137,0,0,1,1,0,1,1
0.8900053418175663,0.6178796036920627,0.254391580841847,0.45129411302925493,0,1,1,1,0,1,0
0.3379951568515358,0.7019163987192896,0.3618530932051387,0.1834421964034345,1,1,1,0,1,0,0
0.375582952639944,0.5607946391203235,0.47249335500651357,0.8549740195614743,1,1,1,1,1,0,0
0.093981939840869,0.010704578421264335,0.045648745502383736,0.8825598767723473,0,1,0,0,1,0,0
0.578280140996174,0.32588027533386377,0.14002409755331768,0.4663097561401701,1,0,1,0,0,0,1
0.035942273796742086,0.5185027017603632,0.2768143077913058,0.07569972730978747,0,0,1,0,1,1,0
0.46559801813246016,0.08766676639959693,0.9715326909010507,0.38782608991693124,0,0,1,0,0,0,1
0.5426446347075766,0.3506915249458466,0.33134700710305076,0.8035376594626034,1,0,0,0,0,1,1
0.2865412521282844,0.03317147181141811,0.48204105811208253,0.9017740285462287,0,0,1,0,0,0,1
0.5908332605690108,0.07824862283439377,0.19609771273839294,0.20347274249759584,1,0,0,0,1,0,0
0.03050024993904943,0.3974152023733991,0.6107800710757683,0.06697361202527152,1,0,0,1,0,0,0
0.03734818874921442,0.13277869730834868,0.2806832155159743,0.8773504531328387,0,1,0,0,1,0,0
0.8226005606596583,0.5673025725499485,0.20699257843842678,0.3894049389788753,0,1,0,1,1,1,1
0.3601906414112629,0.6888126744153655,0.5165726284459791,0.5417609642675633,0,1,0,0,1,1,1
0.12706051265188478,0.8001399016022233,0.005505799160420821,0.9680658120507589,1,1,1,0,1,1,1
0.5222432600548044,0.19932955418700904,0.0076640326492253275,0.06656472791422285,0,0,1,0,1,1,1
0.7699935530986108,0.16748869403327735,0.21906880910185778,0.6483180074520956,1,0,0,0,0,0,0
0.21582102749684318,0.10396950753825805,0.03672136250082114,0.07410542257486707,1,0,0,1,0,0,0
0.6228904758190003,0.6362974692873774,0.10802575413069138,0.3754689284665004,0,1,0,1,0,1,0
0.085347464993768,0.7071607774137063,0.3388606493387516,0.8038145451934468,1,0,1,1,0,1,1
0.0516817211686077,0.03218579461210283,0.8025856795798129,0.4334722327556344,0,1,1,0,0,0,1
0.531354631568148,0.9361961077966385,0.5720486433693008,0.9971823539029504,0,0,0,0,1,0,0
0.5406351216101065,0.05192774128840084,0.5126677259564164,0.5590592849466022,0,0,1,0,1,1,0
0.6374299014982066,0.542236272575781,0.29348882320812164,0.3211621526359535,0,0,1,1,0,1,1
0.7260913337226615,0.7093208975110957,0.9317537194328164,0.22011132590475313,0,0,0,0,0,1,0
0.9758520794625346,0.8708052205161473,0.39701504123719167,0.3505205342861618,0,1,0,1,0,0,0
0.5163003483011953,0.7133739230738676,0.08709276679577149,0.3725332737595508,0,1,1,1,1,1,1
0.32295647294124596,0.8019250196788742,0.6170665161178013,0.06871367772396098,1,0,1,0,1,1,1
0.7951861947687037,0.3398648544290975,0.11383839347660141,0.36957419942677316,0,1,1,0,1,1,1
0.2708322512620742,0.8145092879842554,0.3452231428016921,0.4642385197392249,1,0,0,1,0,1,0
0.4389714207056361,0.08026044776224416,0.5074119387178089,0.7227377522388047,1,0,0,1,0,1,1
0.07845638134226596,0.8946348694130701,0.8742225246851758,0.656729484721608,1,0,0,1,0,0,0
0.02535074341545751,0.5475003599541367,0.49354658034011867,0.7087656552291542,0,0,1,0,0,1,0
0.9626484146779251,0.8160538589337125,0.7022587660316643,0.008363681876857099,1,1,1,0,1,0,1
0.8359801205122058,0.4522073938164421,0.9928168389990704,0.21766739958053605,1,0,0,0,0,1,0
0.695974206093698,0.644062379847729,0.13148911989798162,0.6616842883998565,0,0,1,0,0,1,1
0.4089529444142699,0.52608695965833,0.2747315255195195,0.48398936817974714,0,1,0,0,0,1,1
0.17329432007084578,0.7316157849394396,0.3945760755976464,0.005313475668345946,1,0,1,0,1,0,0
0.15643704267108605,0.08125200667724361,0.42182817853883137,0.8044946424318223,0,1,0,1,1,0,0
0.25024289816459533,0.060532304828710186,0.41102107526554577,0.7728095732903374,0,0,1,1,0,0,1
0.5492266647061205,0.24699497241137836,0.9076110025565549,0.5484191629935626,0,0,1,1,1,1,1
0.7145959227000623,0.15907505934284732,0.7140326444668564,0.06646332577627212,0,0,0,0,1,1,1
0.6601973767177313,0.8724498423260343,0.6079052140907037,0.7665150495325846,1,0,0,1,1,0,1
0.27993389694594284,0.21967845336481043,0.3093727178627821,0.583713587731364,0,0,0,0,1,0,1
0.9548652806631941,0.9755628024371672,0.8237903842212947,0.7819599771579592,0,0,0,0,1,1,1
0.7378969166957685,0.33714468592581576,0.9550605114849889,0.7517469923958404,0,1,0,1,0,0,0
0.5543540525114007,0.18238662169010947,0.8211982825502265,0.8030020719578371,1,0,1,0,0,1,0
0.6117207462343522,0.7900196577599847,0.0015651051914729042,0.5180080664046248,1,1,0,1,0,0,0
0.4196000624277899,0.6578606475528785,0.636401370183407,0.140324518193515,0,1,0,1,1,0,0
0.24773098950115746,0.49869901972365527,0.051135381442100725,0.6711574733796887,0,0,0,0,1,0,1
0.3559726786512616,0.5550787014561683,0.25760722033372185,0.6204737850519706,1,1,0,1,1,1,0
0.7578461104643691,0.7190228643055432,0.059524700347771686,0.7422531871990872,0,0,0,1,1,1,0
0.014393488629755868,0.22977368220742883,0.6037954529493877,0.1698810060507353,0,1,1,1,0,0,1
0.11607264050691624,0.9964848527471024,0.6865899134926068,0.19497519990028922,1,0,0,1,0,1,0
0.04600264202175275,0.9746000009090595,0.11448763806590512,0.8904095172193285,0,1,0,0,0,1,1
0.040728802318970136,0.6492230391605589,0.3838388830449795,0.7499777984520708,0,1,0,1,0,1,1
0.8554605840110072,0.20023733299611832,0.456236508955542,0.9082284887003229,1,0,1,1,0,1,1
0.7036578593800237,0.679555637595887,0.3690530217609166,0.7587153211639207,1,1,1,1,0,0,1
0.4741738290873252,0.0716966895274261,0.12102500048519305,0.5971553059903019,0,0,0,0,1,1,1
0.09783416065100148,0.03048682605626214,0.4189477901874754,0.6541327370278737,1,0,0,1,1,1,0
0.49161587511683236,0.2583910944070638,0.7511780478084181,0.88912792394001,0,0,1,0,0,0,0
0.4734717707805657,0.4630095767326492,0.07100766453325547,0.5788067545119405,0,0,1,1,1,1,0
0.17320186991001518,0.8681935866534604,0.08018001408190345,0.6323913243283874,0,0,1,1,0,1,1
0.43385164923797304,0.7273232157981274,0.3547712918359842,0.15647671600360058,1,1,0,1,0,1,0
0.39850473439737344,0.7424063283535455,0.941725711618925,0.4739212201161027,1,1,0,0,1,0,0
0.6158500980522165,0.42556316129285804,0.668572646722914,0.716397111958099,0,1,1,0,0,0,0
0.6350936508676438,0.345971660919352,0.6786699566725648,0.2709426983163654,0,0,0,0,0,1,0
0.04530400977204452,0.3715231479324434,0.36191999083786497,0.20225418052453492,1,1,1,0,0,1,1
0.3746126146264712,0.9881331527972773,0.5936607912085384,0.31382680822441555,1,1,1,0,1,0,0
0.6258599157142364,0.040356180103585305,0.010131184027743378,0.24150062799283345,1,1,1,0,1,0,1
0.5031362585800877,0.8668503223436755,0.6360960464095422,0.21491263703639585,0,1,0,1,1,0,1
0.8564898411883223,0.5790463197195885,0.9132869475762367,0.42485084286808694,1,1,1,0,1,1,0
0.658693631618945,0.4385694349564889,0.6125734683448192,0.9078385138835341,1,0,1,1,0,1,1
0.1629344270814297,0.72471670323078,0.873698593466345,0.5070596467387183,0,0,0,0,1,0,1
0.07056874740042984,0.4864672975287474,0.7239730554660938,0.18792038081532303,0,1,1,0,1,1,1
0.6424192782063156,0.8734655015735527,0.12055841640369025,0.07697166938087407,0,0,0,0,1,1,1
0.026511310541621813,0.9011569719030909,0.9024533072858417,0.6961561451379252,1,0,1,1,0,1,1
0.5857755812734633,0.42162916278737683,0.06644384435577488,0.38279876443638783,0,1,0,0,1,1,1
0.9402302414249576,0.2762231978794318,0.5339674725477638,0.8218309465853593,0,1,1,0,1,1,1
0.575474177875879,0.5923786994350106,0.14213712379345766,0.6595107686407702,0,0,1,1,0,1,0
0.3881699262065219,0.9124200736367193,0.011706610730904066,0.7962414505413685,0,1,1,1,0,1,0
0.6432882184423532,0.21075510782011794,0.422034260127639,0.27194603941844875,1,0,1,1,0,0,1
0.45825289049151663,0.62342651932146,0.29504070765415624,0.6923589224610581,0,0,1,1,0,0,1
0.5456167893159349,0.6320696817125655,0.486000493797603,0.2640619846937188,1,1,0,0,1,0,0
0.9414648087765252,0.7328159169790901,0.5771998867345508,0.9390684794502916,1,0,0,1,0,0,0
0.38610263780077425,0.13125961339823533,0.04373907230894736,0.6363742815333744,1,0,1,0,1,0,0
0.9611905638239142,0.7153048653266109,0.12300329512374564,0.3245118001753421,0,0,1,0,1,0,0
0.9053506419560637,0.9093819285007813,0.5586423964504253,0.26951186229227264,1,1,1,1,1,0,1
0.19579113478929644,0.18040751892441081,0.34316735317265823,0.1909265850716435,0,1,0,0,1,0,1
0.06936130087516545,0.23738578395992319,0.729173487549448,0.6946409588937278,0,1,0,1,1,0,0
0.10077800137742665,0.9712743787592771,0.6522916485919397,0.2187156129979273,0,1,1,0,0,1,0
0.018221825651549728,0.18171034398793925,0.8456043629899068,0.5953032659274891,1,0,0,1,1,1,0
0.0944429607559284,0.8546378722961866,0.6924928266692253,0.26463502692535734,0,1,1,1,1,0,0
0.6830067734163568,0.4924959743004353,0.42993107739014813,0.6619689447938686,0,1,1,1,1,1,1
0.07118864846022899,0.24663561615019017,0.6729666223944324,0.8149397285405392,0,1,1,1,0,1,0
0.3189756302937613,0.8710892653071511,0.2753811742554185,0.7780252431446532,1,1,0,1,1,0,0
0.8448753109694546,0.4448406868324106,0.3063134987782127,0.7608513309307817,1,0,1,1,1,0,0
0.023271935735825866,0.5142503438367227,0.7889851599207933,0.18772240569225207,1,0,1,0,0,0,1
0.8144684825889358,0.35905998361138236,0.4464195164015822,0.08838494698451871,0,0,1,0,1,1,1
0.28185477477339993,0.5926579550732031,0.7983803405183525,0.6989488284873856,1,1,0,0,1,1,1
0.11816482762165625,0.16341307273783023,0.8224223736682784,0.3683472137943513,0,1,0,1,0,0,0
0.6967371653641506,0.39036104583449827,0.8575623376612838,0.4323462264033473,0,0,0,0,1,1,0
0.628942846779884,0.9698917304885214,0.9166352358412073,0.031149092793391064,1,1,1,1,1,1,0
0.877472013527053,0.25869727584838575,0.43098522051329624,0.2595764492750492,0,1,0,0,1,1,1
0.7350710438038858,0.6557629933042218,0.31886681832113883,0.03367640387446402,1,0,1,0,1,0,1
0.8034809303848486,0.32567929312752814,0.5821987465941139,0.8791857726012476,0,0,0,1,1,1,0
0.2820345725713065,0.7730678613716898,0.3711724234376276,0.24339668321853047,1,1,1,0,0,1,0
0.17743954377972282,0.1313021484868412,0.601074166800233,0.557337169573008,0,1,0,0,0,1,1
0.7506147516408583,0.9697868218322115,0.7055858626438246,0.03897932066113041,0,1,1,0,0,1,0
0.806834739267264,0.45380392916567974,0.6884050184921369,0.6668473913056581,0,0,0,1,1,1,0
0.9905051420006733,0.23595791452175335,0.37455288702012135,0.32302734575409386,0,0,0,0,1,1,0
0.4126176769114265,0.0741028119321294,0.16686020169875282,0.8979191869576658,0,0,0,1,1,1,1
0.37201808579278317,0.16913811108127821,0.43052933846220753,0.8881181889340358,1,0,1,0,0,0,0
0.7764129607419968,0.5200778687253852,0.14259414408190874,0.3252906183617478,0,1,0,0,1,0,0
0.34080354025301784,0.3375538415137311,0.8900970351838083,0.9009608956904679,1,0,0,0,1,1,0
0.9307573256035647,0.8292415359228796,0.3458774607378574,0.9961576734987788,1,0,0,0,1,0,0
0.8584127518430118,0.43204987311896764,0.15445974722332378,0.8254156641239481,1,1,0,1,0,1,1
0.42899402737501835,0.24844979920626756,0.025447759905750877,0.844871347755229,0,1,1,0,0,1,1
0.7508710677914974,0.6176236390153268,0.6458223862864843,0.2490087361090899,0,1,0,1,1,1,1
0.7545428740846823,0.7067241715677751,0.6369023174547432,0.5767023988577563,0,0,1,1,1,0,0
0.10312386883593261,0.1676586109391262,0.34060416658129167,0.06725591396736785,1,1,1,0,1,1,1
0.9025529066795667,0.167615371790457,0.071711888847651,0.09491793682166971,0,1,1,0,0,1,0
0.5052523724478571,0.036477489042611735,0.409628894895232,0.9988926120332906,0,0,1,1,0,0,1
0.8264574661077416,0.7370550511675763,0.3112174950633936,0.32663924942591094,1,0,0,1,0,0,0
0.32004960103061175,0.6635587466522956,0.6771206397350094,0.7481839120488464,1,1,1,0,1,1,1
0.8955232284962005,0.47392451287036363,0.6057792494526903,0.8066650530268165,1,0,1,0,0,0,1
0.3892016787341631,0.8439120255276102,0.36459372819754,0.8580232710072292,1,1,1,0,1,0,1
0.01083765148029836,0.8059796694233474,0.2178925542549901,0.9976282974021565,1,1,1,0,1,1,0
0.9053819764192637,0.5860503837725457,0.9880359661555919,0.24149648525686784,1,0,0,0,0,1,0
0.09128667678613356,0.8683268452009069,0.45400162119611487,0.04035082685969971,0,1,0,1,1,1,0
0.31931363759041487,0.20650030857038526,0.688274235780237,0.411191517994586,1,0,1,0,0,0,1
0.9500619670508049,0.11124053193698907,0.14055296757836078,0.13008066982894695,0,0,1,0,1,0,0
0.9506071469375561,0.26952797978458065,0.4855896996593978,0.022425889162055124,0,0,1,1,1,0,0
0.5734378881232861,0.0569425685307378,0.027536719869465487,0.3604268271414861,0,1,0,0,0,1,0
0.6318372121697993,0.5311122482872958,0.50545511791045,0.7837382510752364,1,0,0,0,1,0,0
0.44844552197831977,0.9366477394890866,0.9640174071177023,0.5661806912250709,0,0,0,1,1,0,0
0.29321077169806453,0.039688996147205745,0.3842067129858002,0.31277798921035405,1,1,0,0,1,1,0
0.32866454536991596,0.12188751059094155,0.03899601257491159,0.6543420054927197,1,1,0,1,1,1,1
0.6725184560770384,0.45226854262691185,0.03095579091934353,0.23201818030881072,0,1,1,0,1,1,1
0.75237452943768,0.9338524560827429,0.3879867599468695,0.014381446072085025,1,1,0,0,1,0,0
0.7915790437258485,0.3156931600248049,0.16002493646319405,0.7643533864364274,0,0,0,0,1,1,1
0.7896181427945539,0.5071779753438517,0.023352096328185912,0.6237430848640091,0,0,1,1,1,0,1
0.09120610304869037,0.04150102928544354,0.7562136139501768,0.76230262450096,1,0,0,1,0,0,0
0.49442030470258147,0.14826066067958735,0.4585230088818907,0.03893801668766561,0,1,0,1,0,1,0
0.057558760016644284,0.9866460026871376,0.2892447719726545,0.8371196278306522,0,1,0,1,1,1,1
0.5495288823237355,0.9651565332063522,0.9000831830164807,0.6195262000363033,0,0,1,0,1,1,0
0.441530501373377,0.00472383334485595,0.11613896020052561,0.5633953507126401,1,1,0,1,0,1,1
0.8877041827582998,0.9524481427902246,0.9559188289553192,0.6246140481145316,0,1,1,1,1,1,1
0.3509150125520787,0.6385351975008988,0.3139667173773528,0.8644332468683641,1,0,1,1,0,0,1
0.11706701642760586,0.8675578094657872,0.8884036723086812,0.5869365065589071,1,0,0,0,0,0,0
0.14299168205283586,0.45612983744597085,0.6029428764794615,0.5809503798881793,0,1,0,0,0,0,1
0.7615106317174722,0.5150770329017557,0.8267073597414875,0.9906791570657658,0,1,0,1,1,1,0
0.6182180633162611,0.4881697029195653,0.9840131632104643,0.756730167068568,1,1,0,1,1,0,0
0.10112267612279024,0.667231495918605,0.2884054378187457,0.4422938054511353,1,0,1,0,1,1,0
0.08410680611499743,0.13861269482942595,0.961135485407593,0.7073970000329277,0,0,0,1,0,1,0
0.70096913145912,0.029855952917691733,0.38948189490242036,0.3892304716917885,0,0,1,1,0,0,0
0.07276300636419353,0.3090028540537292,0.3855119047369223,0.228875462483499,1,0,1,1,0,0,1
0.8218600592903562,0.70390829477557,0.3403871042545057,0.5968518768877594,1,0,1,1,1,1,0
0.7062422271564962,0.200862469880079,0.5414076073475852,0.9281820981139515,1,1,1,0,0,0,0
0.08134878064189976,0.6726828427239384,0.1541450431784871,0.9291395200154627,1,1,1,0,0,1,0
0.08483771408519192,0.9703612258914439,0.5537114853580112,0.3419052781054903,1,1,0,0,1,0,0
0.9866395785011755,0.0944631041494113,0.541704812410004,0.527677466221695,0,0,1,1,0,0,0
0.3742707957561203,0.672345823826637,0.76190181260487,0.2116358985698612,1,0,1,1,0,0,1
0.3706421470668909,0.44409182550657167,0.8336499619375856,0.9956311094988834,1,0,0,0,1,0,0
0.8127995672575026,0.8688373820412614,0.44044135031242404,0.9811179078679357,0,1,0,0,1,0,0
0.9472485773838587,0.17804346265460083,0.30233324935149375,0.6495089297074473,0,0,1,0,0,1,1
0.9860010638228709,0.6925027845855746,0.25933489731709447,0.8044140596774734,1,0,1,1,1,0,0
0.7533781852589416,0.8369645537892753,0.19462383670487193,0.7151001612837,1,1,0,0,0,0,1
0.37625958553091576,0.9442037800128184,0.05764758219902488,0.5931582190394682,0,0,1,1,1,0,1
0.08350071669866876,0.6830346261921781,0.34244797883471334,0.053347996988897695,1,1,0,1,0,1,1
0.7771469159274368,0.49704529461013813,0.27024769213078326,0.45476434255266107,1,0,0,0,1,1,1
0.558404249735805,0.6177533105007095,0.9664173858664074,0.6747863021674105,0,0,1,0,0,1,0
0.4242220092469763,0.8694644317776835,0.5577088262500439,0.6775316138836847,1,1,0,1,1,1,0
0.906354385094736,0.5712469608521735,0.34727703903050755,0.3731226184223836,0,1,1,0,1,1,1
0.11119748230615134,0.030301222869874467,0.580467600993696,0.9416919866580306,0,1,1,0,1,0,1
0.49262510429085915,0.9314979379450037,0.1391967013456955,0.167357032236781,0,1,1,1,1,0,0
0.011353644767419069,0.6897055817148767,0.4440437492022029,0.5003594462155606,0,1,0,1,1,0,1
0.46866064199412627,0.6765456387636778,0.6262343214210638,0.6908839765508228,1,1,1,1,1,1,1
0.05630327568183735,0.21612842447627215,0.4888978317924514,0.6971358058918092,0,0,0,1,1,1,1
0.11881791626807192,0.6589215962567762,0.40177880065432425,0.6486389567688156,1,0,1,1,0,0,0
0.11752624677710488,0.3948933112427074,0.9938483888996982,0.27528821345186016,1,1,1,0,0,1,1
0.6492103021160636,0.6505137714580947,0.880314762148927,0.15620656868662197,1,0,0,1,1,1,0
0.7460448792654233,0.10633544485844472,0.6234059581594401,0.6359403268267109,1,1,1,1,1,1,0
0.5833687650971596,0.6577820451545591,0.5693773611822828,0.5993021161394377,1,0,1,1,0,0,0
0.9621725484745419,0.9996334521158956,0.620660479824584,0.17935601028924097,0,1,0,0,0,0,1
0.37487057952370406,0.048846019104107574,0.20131210782243325,0.7051391455705633,0,0,0,1,1,1,1
0.28571208628186073,0.9771619849376992,0.3951377432643186,0.4551719917336564,0,0,0,1,0,1,0
0.8685991281894603,0.4061968458981175,0.03945953289089932,0.6677605916031529,0,0,1,1,0,1,0
0.22359583851945264,0.8711747072854866,0.47554603748682667,0.8373670797701507,1,0,0,0,1,1,0
0.9632225394406113,0.7827629634413444,0.5430245839576632,0.16972842857692316,0,0,0,1,1,0,1
0.012154474689816341,0.5660453316569781,0.2277497361032096,0.01914486799683668,1,1,1,1,1,1,1
0.969878826707639,0.7384473071844911,0.9640288471655137,0.7791025863957868,1,1,0,1,0,0,0
0.04315991195057611,0.8777204903860077,0.909454610937242,0.6096974251526159,0,1,1,0,1,0,0
0.8911431136980711,0.40380799610228196,0.7221432354559059,0.6996395696221217,0,0,1,0,1,0,1
0.5277011090862999,0.3265817570997573,0.5333866287653626,0.8381549749886426,0,1,0,0,0,1,0
0.9929647961193003,0.6679980179127057,0.869969159647685,0.8028109348245005,0,0,1,0,1,0,1
0.07379656473539886,0.8079043570283446,0.1306523438234629,0.9609201469288247,1,0,0,1,0,0,1
0.5538542844013208,0.7616423392762377,0.790509794274885,0.5359350788521182,1,0,0,1,0,1,0
0.969302535619099,0.7982536818401131,0.1248208139668483,0.48849563265990537,0,1,0,0,0,1,0
0.5230978441701488,0.4348664119009688,0.7942106625494054,0.4018871998907301,1,0,0,0,0,1,1
0.6293986381352625,0.8179992730702571,0.27576756825135695,0.15369104284420454,1,1,1,1,0,0,1
0.6957486889846172,0.11980205003596267,0.8770905810181889,0.5726072328820224,1,1,1,1,0,1,1
0.45454106476777323,0.5443062594195843,0.9440420938253978,0.2770125243259788,0,0,0,0,1,0,1
0.6275580800840634,0.006010795872140763,0.14879596940511564,0.9213075122129755,1,0,0,0,1,0,1
0.5843143119231002,0.32484655459980005,0.4626756050653935,0.5831908042770976,0,1,1,0,1,1,0
0.901158010490989,0.36713001940817586,0.9809873781626851,0.5928401805081102,0,1,0,0,0,0,1
0.04544638034145787,0.3961315647594197,0.4834074359731466,0.35492466087701,1,1,1,1,1,0,1
0.2809631895922303,0.6956204321213438,0.8635475225145451,0.05198935197770749,1,1,0,0,0,0,1
0.9504114840765587,0.38833923260914355,0.5887315221313199,0.03174376537298862,0,1,1,0,1,0,0
0.8902637838909163,0.448784617563842,0.37532990791960186,0.4233351441531975,1,1,1,1,0,1,0
0.45565675278571294,0.23776387389833173,0.2857835555258702,0.08456537809723785,1,0,1,1,1,0,1
0.6201325978015367,0.3732026367056129,0.20322309108608727,0.6068469555401391,0,1,0,1,0,1,1
0.2773811829811327,0.22636775202110523,0.7617981913776972,0.8809730056396574,0,1,0,1,1,0,0
0.1881211597237613,0.07336165921660909,0.3865405068230279,0.8829148165187222,0,1,0,1,0,0,0
0.46369840493998216,0.6036308741200557,0.5112754622007512,0.6590454101322324,0,1,0,0,1,1,0
0.3533522280260528,0.6678727118168423,0.4923254800011819,0.211231831472931,1,0,0,0,0,0,0
0.5836561118508721,0.6188481524915782,0.5772790292331312,0.8629968313588721,1,0,1,0,1,0,1
0.07773463696498484,0.46423198337582433,0.8655771456245522,0.8860934353132082,0,1,1,1,1,0,0
0.9743948076661665,0.380031502934677,0.9807393435834294,0.1966535849529587,0,1,1,0,1,0,1
0.9862107444796029,0.8632191090563643,0.40758420857381694,0.7374260857706773,0,1,1,1,0,0,1
0.6981617140197451,0.5185132686946443,0.8275189221063031,0.28651954892712295,1,0,1,0,0,0,0
0.5360963663441204,0.4787709702155203,0.7645277946547177,0.8026403123529297,0,0,1,0,0,1,0
0.30952761628632774,0.026293361004828805,0.5735289514555733,0.9972378999036027,1,0,1,1,0,1,0
0.8137950197069487,0.3413166585965904,0.9560471436119331,0.030026005329392813,0,0,0,1,0,1,0
0.6847311725538793,0.3799203252523567,0.20047451552840279,0.8973658657909319,0,0,1,0,1,0,1
0.1626169393448913,0.3990776255125128,0.10926421030962141,0.622630533598658,0,0,0,0,0,0,1
0.9109271844938425,0.5797651701336092,0.8539619669554221,0.9733826191648212,1,1,1,0,1,0,1
0.822537242923169,0.5343529682420186,0.4391498166337483,0.4650095175264276,1,0,1,0,1,1,0
0.949799913291924,0.6085814930608929,0.8469688542070605,0.8473879305713737,1,0,0,0,0,0,1
0.72571950838836,0.7646499745065268,0.8930902051954149,0.06239406859827723,0,1,1,1,1,1,0
0.6134151959357899,0.8126714035925781,0.06245759361907144,0.3352790500782957,1,0,0,1,0,0,1
0.4182430362906189,0.7168140096271483,0.8834647629860607,0.06701653775120997,1,1,1,1,0,0,0
0.9327284833540133,0.954782905569159,0.4483190553694222,0.9753431334790705,0,0,0,1,0,0,1
0.8660638895004084,0.017562847788882754,0.5104324890042322,0.8169739072718367,0,1,1,0,1,1,1
0.04521867010618941,0.1958455808540398,0.6265925110932102,0.8525474212459705,1,1,0,0,0,0,0
0.026366974497252005,0.00739975812592144,0.9263826067300868,0.9379652314338942,1,1,0,1,0,1,1
0.3764633668780496,0.6468020464108953,0.01911609442976403,0.08510348611978535,1,1,1,0,0,0,1
0.8105533307818329,0.8978899669287547,0.4768434683178171,0.38559759251333336,1,1,1,1,1,0,0
0.9872761293149445,0.24373496515012294,0.6877220424305607,0.07103488904400213,0,0,0,0,0,1,0
0.15041689110352818,0.9272984644712644,0.7227069576982285,0.21079310155002862,0,0,1,0,1,0,0
0.5941307153521351,0.05931755514913141,0.692532431537108,0.22936577703767236,0,1,0,0,1,0,0
0.3808908566310215,0.9343718950652724,0.13443512940812186,0.4691072110475787,1,1,1,1,0,0,0
0.9699143978146032,0.3509310168511486,0.29939558837168123,0.2685621674536426,1,1,0,1,1,0,1
0.8421189231357087,0.10187169279778666,0.35871552541701346,0.10097810681776109,0,0,1,1,1,1,0
0.8383287047111379,0.4862638323945024,0.804437207679505,0.1674910890941077,0,1,0,1,0,1,1
0.4686931597949703,0.2563275541073457,0.278759872414553,0.14727556355209093,1,1,1,0,0,0,1
0.4148195023376652,0.2844898793607226,0.21070496386720317,0.9730767979122983,1,1,0,0,0,0,0
0.27340707193070624,0.3070593314010374,0.9574480190380962,0.7592925069184736,0,1,0,0,1,1,1
0.056375496650927115,0.8018995011352977,0.0088632851134689,0.967761465269562,0,0,1,0,0,0,1
0.8647223762550532,0.5393292607619747,0.9978208556819782,0.43974048650790853,0,1,1,1,1,1,0
0.8129010091300776,0.3111712768828336,0.6768212988573956,0.2783684816626566,1,1,0,0,1,0,1
0.9997176732861306,0.6108188708522023,0.8284692994491171,0.7982931972091867,1,0,0,0,1,1,0
0.9966368370739054,0.7156014696142123,0.29461939634619316,0.3262539180411468,1,1,0,0,1,1,0
0.5554317056026274,0.2723144392594088,0.014315277667059978,0.2993833737053483,1,1,0,1,1,1,0
0.7689874151805105,0.412795838896332,0.73786951856153,0.2325059922078312,1,0,1,1,0,1,1
0.944765729882428,0.12138394805520043,0.8341445970006758,0.12967897822423535,1,0,0,1,0,0,1
0.8496473906774115,0.1805583585366462,0.7404761319535191,0.25646306101676597,0,0,0,0,1,0,1
0.24734810174319766,0.6816158408044061,0.1428502873008386,0.3553197484738877,0,1,0,1,1,1,1
0.4505441353100935,0.18108921677125125,0.7534279222569691,0.6739942081457304,1,1,1,0,0,1,0
0.12915941515149498,0.5252254715094324,0.768922782107641,0.06256484221945158,0,0,0,0,0,1,1
0.9540510272587224,0.7088558800205018,0.6585405156700549,0.21050693966534295,1,0,1,0,1,1,0
0.60617463445088,0.10624219046173743,0.7661159327955862,0.8090236402916764,0,0,1,1,1,0,1
0.22864280550346272,0.5672280694173177,0.8459214396777321,0.14692192358377076,1,1,1,1,0,1,1
0.6717006844058567,0.2568623353672956,0.6136041142374584,0.34264514652252154,0,1,1,0,0,1,1
0.6181282404578958,0.9623229955413082,0.08860471396967906,0.8646589218581401,0,0,1,0,1,1,1
0.3581627180328405,0.4839502031152904,0.48762780966721087,0.15492531114344266,1,1,1,1,0,1,1
0.11355759219962902,0.8055676893144192,0.07764933467160506,0.0827368356181899,1,0,1,1,0,1,0
0.6715731955927996,0.5499850501932253,0.40754303103243084,0.48453799508001083,0,1,0,1,1,1,1
0.5203077009037933,0.04367787441632419,0.40710648912562764,0.3024195112785364,0,1,0,0,1,1,1
0.7723183917356393,0.6328196575154126,0.06600984414024158,0.5634083644838541,1,1,1,0,1,0,1
0.5201635011119934,0.951422129636325,0.3488205339694793,0.8038048904834751,0,1,0,0,0,1,1
0.8521815003185401,0.6014544747319371,0.11099809879131484,0.13714848815274316,1,0,0,1,1,1,0
0.5519068387744855,0.8192535434301421,0.8082352100092222,0.580699084554285,1,1,1,1,0,1,1
0.5609379715353863,0.883016093795646,0.9476880259644708,0.5055087603898639,0,1,0,1,1,0,0
0.876653602658345,0.22716493104132843,0.0723164752579386,0.14407878601319957,1,0,1,0,1,0,1
0.40348286621239704,0.21235282341125006,0.9551152072917014,0.6239984855289824,0,1,0,0,0,0,0
0.13401522845064073,0.6114995795538163,0.5225765993367452,0.27364041786077165,0,0,1,1,0,1,0
0.028782676313338973,0.41057322645493893,0.2995656779538739,0.4878343185440125,1,0,1,0,1,1,0
0.755137255673619,0.8397392886906347,0.07686207527616351,0.08227232427706188,0,1,0,1,1,1,0
0.6203095513534647,0.9001704830244623,0.5006242680704178,0.45958405721362305,1,1,0,0,0,0,0
0.7040797680992236,0.3537679881035475,0.7945155444907487,0.3064634680428203,1,0,1,1,1,1,1
0.21296416150891073,0.23585672033864663,0.7070864772666982,0.8223812111853543,1,0,1,0,0,0,0
0.13637147558676976,0.7800824951203726,0.05022601146397376,0.05697872699736828,0,0,1,0,0,0,1
0.014544665667881929,0.27463974585821116,0.07290183536790351,0.41860727491832994,1,1,0,1,1,0,0
0.350587558806597,0.8229658886122964,0.4028732826326371,0.458431424131438,0,0,0,1,0,0,0
0.5899176868546331,0.42498746889062355,0.2952904940479433,0.7250060762991187,1,0,0,1,0,0,1
0.3922440450997323,0.6674358964280656,0.23238432305604784,0.574287575090211,1,0,0,1,0,1,0
0.43747492202372906,0.09483182510361618,0.2810044989087136,0.667212337194181,1,1,1,1,1,1,0
0.9041586944937484,0.6240604587151737,0.8034827432968846,0.7770492856517561,0,0,1,0,0,0,0
0.34825546702330035,0.45242817663199947,0.9292280536318539,0.8622029736581888,0,1,1,1,1,1,0
0.5139894891598108,0.5866624702359639,0.4051026945275664,0.3138754967224705,1,1,1,1,1,1,1
0.7836530127411431,0.16756088347228626,0.9061110021324971,0.538022705363903,1,0,0,1,1,0,0
0.39654278232127016,0.7373527419149222,0.32149570124788196,0.8401080784391999,0,1,1,0,0,0,0
0.6220867002278735,0.8631288503524778,0.4764369863437916,0.9894511309650564,0,0,1,1,0,1,1
0.8623637087467452,0.21622675966867783,0.22602899781599972,0.8895193110437631,0,1,0,1,1,1,1
0.9495206236576421,0.0959052683289289,0.640476042175844,0.3714672626243768,1,1,0,1,1,1,0
0.14707348092903794,0.024137218830165834,0.9789811151748089,0.19516651721865041,0,0,1,0,0,1,0
0.9265876251614944,0.6425624454645454,0.6034930960433786,0.4893925374065887,1,0,0,0,1,0,1
0.4921162930795382,0.607060811601126,0.35781408411354887,0.7416414518360422,0,0,1,1,1,1,0
0.25824438829895835,0.5465183729909804,0.6478174459905284,0.4925690707532976,1,1,0,0,0,0,1
0.4591357562382613,0.23256073302701605,0.12292067846538757,0.4831808633136685,1,1,0,1,1,0,0
0.980032575285477,0.39030091565402425,0.8886590802653986,0.8382304210818006,1,0,1,0,0,1,1
0.4926180939928696,0.5946956248316335,0.5030839507798364,0.36140377906718635,0,0,0,1,0,1,1
0.3287516102875082,0.4960818455454872,0.44934974203964206,0.8597946748116456,0,1,1,0,1,1,1
0.6334008543167258,0.9883182083510171,0.5858647884535192,0.40680480095172356,0,1,0,1,0,0,0
0.24014561877819307,0.13631072979892755,0.6247838627894025,0.3282331056783394,1,1,0,1,0,0,0
0.07586332810866392,0.6957788456654175,0.07177580622651303,0.453989911199699,1,0,0,0,0,0,0
0.12887972191064923,0.4045644744824699,0.6826172212234024,0.7624469586748684,0,1,0,1,1,0,0
0.12804583895777244,0.4275880048105838,0.24193168031552958,0.12600202786399428,1,0,0,1,1,1,1
0.15190269351229435,0.7183100795242149,0.7139526325065898,0.19641921587201738,1,1,1,1,1,0,1
0.13882717264941014,0.6932117739575835,0.8225347943841967,0.951444825663092,1,1,0,1,0,0,1
0.6408747448032146,0.9916971369484879,0.8039585075525203,0.17549162738135737,0,0,1,0,0,1,0
0.18188008439914483,0.12801349552160712,0.5525009674078891,0.5677273179310546,1,0,0,1,1,0,0
0.3456672833238632,0.10395664240698763,0.5201698923107512,0.5793144666619379,0,0,1,0,1,0,0
0.8967884099060118,0.724411530737444,0.14287596133941172,0.4896244620502448,0,1,0,0,0,1,1
0.47396164026287235,0.5780350618067434,0.7753461504031356,0.6447452485768186,0,1,1,0,1,0,0
0.6675577385210272,0.27500683984603747,0.27140938044671437,0.22982672579761843,0,1,1,0,1,0,0
0.17231987120162984,0.07949153222484963,0.49669542281794654,0.5526622677767482,0,0,0,1,1,0,1
0.19228901880867078,0.08430657557287685,0.2842740929275167,0.37217325524689715,1,1,0,1,1,0,1
0.04086861626647886,0.8943605525704964,0.13382836299969314,0.661667259629189,0,0,0,0,1,1,0
0.16893506307216455,0.19169324602033425,0.6295576968917366,0.14122354337314946,0,0,1,1,0,0,1
0.2785903390319586,0.32333409883746156,0.05433203482290383,0.5708774168394762,0,0,1,0,1,1,0
0.17701048427674682,0.22647209254409517,0.7486452341262,0.1852703553833237,1,1,0,1,1,0,1
0.08870253375705561,0.35539982904024064,0.31758679526111666,0.2786430631150364,1,1,0,1,0,1,1
0.12063587110060081,0.06998368663537005,0.00013469300448532007,0.21870980032358323,1,0,1,1,0,1,1
0.46077876803272577,0.5192013174893997,0.5111291392372298,0.1828377798688171,1,1,1,0,0,1,0
0.2063337184057925,0.06744290799864583,0.046851908527603126,0.825710951560667,0,0,0,0,0,0,0
0.36426986104807546,0.800335839219957,0.27616955782089947,0.28570756766089034,0,0,1,1,1,0,0
0.5034172708548569,0.23372188171872182,0.7069764874557162,0.9271237818644493,1,1,0,0,1,0,1
0.6903948286293653,0.5396106995845782,0.06268962162186587,0.9699265253451909,1,0,0,0,1,1,1
0.039312139841098936,0.8803685518857439,0.8393384923560023,0.5712604699370973,1,0,0,1,1,0,1
0.7994103989090426,0.6511073902091244,0.003819922658583108,0.1430011226657264,1,1,1,0,0,0,1
0.6279003894909078,0.5337280071712236,0.24682386920190225,0.37454824337958126,0,0,1,1,0,0,0
0.08175903194887191,0.32496142800551986,0.7409040561520714,0.797732263348214,1,0,1,1,1,0,0
0.8735786241067772,0.3326590755994029,0.3162701497293068,0.36739072869707046,1,0,1,1,1,1,0
0.9208724005318132,0.6698971043854446,0.10189238806601353,0.08701721830278875,1,0,0,0,1,1,1
0.06107795985486375,0.9936638845296203,0.3602339188004279,0.5567849109281879,1,0,1,1,1,0,1
0.2768776481472037,0.662187155899849,0.27039328638452553,0.8451208514960348,1,0,0,1,0,0,0
0.8062012797930613,0.5575251102706449,0.8427119021605549,0.7959263871435024,1,0,0,0,1,0,1
0.7482596903836584,0.7301388836275583,0.31334791758514313,0.17512314013035324,1,1,0,0,0,1,0
0.18452101935637732,0.46534563495506687,0.7889324717760072,0.6727646144124667,0,1,1,0,0,0,1
0.2093493233367103,0.05880505903670814,0.8918721448107347,0.2205042634356471,0,0,0,0,0,1,1
0.370472102791382,0.5614213280907072,0.43381741957652953,0.21820753455217223,0,0,0,1,0,1,0
0.4845229851910213,0.9575365385634931,0.909943143854392,0.8740717733051852,0,1,1,0,1,0,0
0.618254771530296,0.17534416324097707,0.37731805396319285,0.24966895274023015,0,1,0,0,1,0,1
0.3689136395697724,0.6898202314355867,0.9640784164901082,0.2632473465180112,0,1,1,0,1,0,0
0.4625347161331479,0.20014397050969768,0.08928952452557293,0.0006533907612995549,1,1,1,0,1,1,0
0.7474709381337565,0.535418738552012,0.6870192665032427,0.8706690341255177,1,1,1,1,0,1,1
0.0366832028905979,0.09687205431033832,0.49381404045692867,0.7925948132091347,0,0,0,0,0,0,1
0.25243694434402075,0.45066182714349934,0.38764880545564706,0.627328935090678,1,1,1,1,0,1,1
0.7133495858845524,0.7561552173364481,0.6327118787486009,0.7502657639388423,0,1,1,0,1,0,0
0.8952068376871993,0.3481499411295006,0.7038570916343312,0.1520485674244918,1,1,1,1,0,0,1
0.5116774421156661,0.6651104229989476,0.004363269650309087,0.45832359458757543,1,0,1,1,0,1,1
0.5321134852653157,0.7950762329627501,0.16695308874719872,0.3512193873487809,1,0,0,0,0,1,1
0.10717201133977605,0.9270375684527469,0.7130460506343187,0.09377652625701649,1,0,1,1,0,1,1
0.44741236682345464,0.2339406487768496,0.6663854135782065,0.4861304852149241,1,0,0,0,1,1,1
0.5326172664550232,0.39926184631411243,0.9660475051286772,0.9207396503426354,1,0,1,1,0,0,0
0.24247050363472966,0.1529720636400281,0.761037790250783,0.04005911905069448,0,0,0,1,0,0,1
0.26924323094938096,0.9928261472007307,0.950772707731338,0.2914609134937939,0,1,1,1,1,0,1
0.37728416310462265,0.9277019725872548,0.702540501534807,0.20754093620570346,1,0,0,0,1,1,0
0.02007119777772637,0.5398056876586601,0.29805220863944315,0.23814665366569632,0,0,1,1,1,0,1
0.3220791655831783,0.8427063442736784,0.10536492225085647,0.9084345518793753,1,1,0,0,0,1,1
0.21144800699654465,0.5208613251588182,0.7818238633449356,0.4680690542342901,0,0,0,1,0,1,0
0.32749735217791465,0.6243214805440447,0.6441492214759159,0.4662994129398188,1,1,0,1,0,1,1
0.11976213181925122,0.08911350374229556,0.04818601239329623,0.7605756424552823,0,1,1,1,0,0,0
0.890527280739895,0.7556240361837101,0.36005046590097833,0.1544922040049258,1,0,0,1,1,1,1
0.5935924535540487,0.12845103981738976,0.9567998154842862,0.4872653541000508,0,1,0,1,0,1,0
0.6791023191444896,0.8259709164382378,0.5004011457102012,0.4299852141210597,1,1,0,1,0,1,0
0.7891712386073383,0.782137282164158,0.43272913601970464,0.5969106905466561,0,1,0,0,1,1,1
0.4984421989290573,0.7093891294555796,0.457699605159294,0.9995577032504386,1,1,1,0,1,1,0
0.08692028808742369,0.03609387894279708,0.20888272400516372,0.7694488940820471,1,0,0,0,1,1,0
0.5371065418185478,0.3024679098040755,0.3687071708647952,0.3978657030174272,1,1,0,1,0,1,1
0.5868411180208791,0.2641840734381353,0.3698132559871766,0.827553052274047,0,0,0,0,0,1,1
0.74543947418433,0.35990152523935054,0.0523550201874724,0.17070836331248018,0,1,1,1,0,1,0
0.4316595462296794,0.08772212478930731,0.7675676285179183,0.030463686308960125,0,1,0,0,0,1,1
0.12758030279556376,0.9375358263657884,0.416504431903879,0.20444837246427305,1,1,0,0,0,1,0
0.28377590579872447,0.5534979937605107,0.8221798868164233,0.34041155611425966,0,0,0,1,1,1,0
0.3630822963986351,0.30502037670141247,0.8503480011198954,0.5105807574595599,1,0,0,1,1,0,1
0.6459172413316012,0.3971083857226708,0.21199405469865806,0.6151291405411998,0,0,1,0,0,0,1
0.5707783046689119,0.44630600230587947,0.6573534821701286,0.9106057172144217,0,1,0,0,0,1,0
0.35609672589784624,0.6004503803221833,0.4722818041629817,0.5098540095504577,0,1,0,0,0,1,1
0.9865152487929797,0.5158019470286554,0.8801567379214851,0.5012756446257294,0,1,1,0,0,1,1
0.6057748193568872,0.9192569972660047,0.21574067917645412,0.05024300982298213,1,1,1,1,0,0,0
0.23722679173599448,0.4961917574342374,0.6778132003100442,0.03491155265622381,0,0,1,0,1,0,0
0.10178247262040374,0.9929551038014147,0.6077521222527226,0.5511599619163721,0,1,0,1,1,0,0
0.15285913918433203,0.8514767268220703,0.2953014775718328,0.4381786132483445,1,0,1,1,1,1,0
0.24595772838450813,0.20922609041621668,0.1366009036511726,0.8391803949802986,1,1,0,0,0,1,0
0.16068137325955567,0.9304651965188261,0.6516397604772766,0.16067958471184518,0,0,1,1,0,1,0
0.18656702405130576,0.1159263918946307,0.7385974581323307,0.024971662117049598,0,0,0,0,1,1,1
0.2850951686938471,0.8175842989513191,0.31562734376335,0.44903876793012587,1,1,1,1,1,0,0
0.17337359529475482,0.380515399913416,0.6448326040223138,0.23747855675225749,1,1,0,1,0,1,1
0.8967654246264252,0.8773854397160739,0.39513090761150327,0.04961437333883745,1,0,1,0,1,0,1
0.08023374566164221,0.868791582236844,0.7132068832826177,0.724598286847629,0,1,0,1,1,0,0
0.5245113895702547,0.8056142650061742,0.1992152748940531,0.11159299995724747,0,1,0,1,0,1,1
0.4103968269896615,0.7891103031146636,0.8902150026361744,0.6083195000077717,0,0,0,0,1,0,0
0.9823786169086064,0.30534322212501946,0.28740959646557973,0.28104975016688916,1,0,0,1,1,0,1
0.11203890216805235,0.08066713404334587,0.3677859877561529,0.17349605035502202,1,0,0,1,1,0,0
0.39785559904574164,0.40267626681885366,0.058091952080349785,0.37975152291931746,1,0,0,0,0,0,0
0.9694704332753689,0.17264182119299368,0.1115122123212764,0.8014457762229537,0,1,0,0,1,1,0
0.8655071258939803,0.6958215596457602,0.5158619027123281,0.3920935769045727,1,0,0,1,1,1,0
0.8170720709492799,0.3454549862441807,0.2675926767279715,0.7507696492110557,0,0,1,1,1,0,1
0.25790282704493983,0.9756394256002677,0.8354802257421944,0.1254862967991507,1,0,0,1,0,1,1
0.17088758739006582,0.6414283875066022,0.014693388654953843,0.7727714196650791,0,1,0,0,0,0,1
0.668643219924431,0.8226914221008625,0.3790940486719362,0.23693332490664865,0,0,1,1,1,1,1
0.9293759891275858,0.13249484558585234,0.3373455467690927,0.6773931298888728,1,1,0,1,0,1,1
0.5567628930139298,0.8611636493434789,0.019327630917601035,0.5657815548409963,0,0,1,1,1,1,0
0.5716126894698998,0.9223523280955107,0.12436839900051022,0.9291447172116873,1,0,0,1,0,1,0
0.2799790936602842,0.4871558189879572,0.41364267491863527,0.38732251797531403,0,1,1,1,0,1,0
0.7694929331919369,0.605859350715984,0.49286458444744663,0.06616518883444045,1,0,1,1,1,0,0
0.18704374855752337,0.7649114806329949,0.4042897472548691,0.019155485551252904,1,0,0,0,1,1,0
0.3236792364042437,0.17517949896482013,0.5309376784120938,0.8268585609727531,0,1,1,0,1,0,1
0.4254364386164168,0.5030473279063424,0.5951316749056815,0.5247356376614322,1,0,0,1,0,0,0
0.507610378684455,0.3980499380934068,0.00992382112783563,0.7752440518349493,0,0,0,1,1,1,0
0.24240973241508024,0.14747231518973858,0.4640951594535039,0.2344256000115147,1,0,0,0,0,0,1
0.11483682473920354,0.3679181619638085,0.9634992408875883,0.34508374551323373,1,0,0,0,0,1,1
0.6106200424416326,0.06817145230865904,0.5190322801295487,0.03010387221131894,1,1,1,0,1,0,0
0.28863055324025577,0.026356675241025303,0.6775422674589532,0.9614923245741122,1,0,0,1,0,0,0
0.5812382214226123,0.13634899304082274,0.3118638579168832,0.6678679067008134,0,1,1,1,1,1,1
0.1543627152742023,0.9623957515386454,0.7739913781527625,0.9332050877593062,1,0,1,1,0,1,0
0.4811401018548175,0.5494169045737712,0.7729214818761151,0.2654964074290723,1,1,0,1,1,1,0
0.5325894325515859,0.9646329453232833,0.521296047654139,0.6114636112256608,0,0,0,0,0,1,0
0.05182353682242691,0.432594204096456,0.9760138232792136,0.6784999682926378,0,1,0,0,0,0,1
0.3366042781939206,0.31199883020622216,0.12555021476265338,0.31754970025758844,0,0,0,0,1,1,0
0.13441467693897424,0.5061222817825227,0.016947664889580993,0.8481092350156301,0,1,1,0,0,0,0
0.06337497047276774,0.43918442184741097,0.770158211757096,0.9471614629002478,0,1,0,1,1,0,1
0.9899602323899452,0.10463992700364975,0.8071555373648825,0.8848551176960043,0,0,1,1,0,0,1
0.32235384497472297,0.6410130815319122,0.12020722912057624,0.7390669759393725,1,1,0,0,0,0,1
0.8098744458546349,0.21676589975155727,0.2655828329586061,0.27746467972495403,0,0,0,0,0,0,0
0.25464065476376385,0.6192924456699629,0.01755236336662891,0.28161604210563174,1,0,0,0,1,0,1
0.6815027222239293,0.6504211223626649,0.2933086107805647,0.9633603204460379,0,0,0,0,1,1,0
0.7602278598896866,0.15124078097193808,0.7731418739186715,0.010284495935692028,1,0,1,0,1,0,1
0.5956387406078443,0.06157823364251441,0.5179605277125789,0.7160499732421445,1,0,1,1,1,0,0
0.47157618855015837,0.7805648949195675,0.3480955931682881,0.7062461625552622,1,1,0,1,1,0,1
0.41184091414726853,0.4594192147940187,0.3717392949063303,0.6226895409497974,0,0,1,0,0,1,0
0.3488682665429953,0.05778361368486772,0.0013536257154681541,0.9901088460868658,0,0,1,0,0,1,0
0.9295291442478258,0.9946695113787506,0.2998005275652359,0.31187943576372523,0,0,0,0,1,0,1
0.8306194077877291,0.0579717776542129,0.6464587416379305,0.3399718637932482,0,0,0,1,0,1,1
0.9650269106665126,0.6943791472579555,0.9741944438163571,0.07893940294655555,1,0,1,1,0,0,0
0.12429722348554473,0.9834803675976297,0.8470608269838995,0.44279813654373745,0,0,1,1,0,1,1
0.7308674752036443,0.23915936832692605,0.023594964645529126,0.2610485262348481,1,1,1,0,0,0,0
0.9383404568210378,0.14169984907493025,0.8985606046748393,0.3433867021776442,1,1,1,1,1,1,1
0.18123306616566015,0.1222832720232664,0.7831984132986259,0.8345717902556277,0,0,0,0,0,1,1
0.0664962673667775,0.3028483998275649,0.7803761235709804,0.9354845135274957,0,1,0,1,1,1,0
0.741120649290059,0.10071109255382994,0.4579957590035715,0.18573307200518563,0,0,1,1,1,0,1
0.5744731131799119,0.6916721877192207,0.3980052929545028,0.37250893155346587,1,0,0,1,0,0,1
0.8418287767582721,0.06319103817363175,0.3029157288331926,0.9286305621153941,0,0,1,0,1,0,0
0.1397723766262895,0.5096985807640895,0.06569485895436578,0.06180846068922263,1,0,1,0,0,1,0
0.7952673118598902,0.996228557849855,0.2282353634936991,0.09236052811137851,0,0,0,1,0,1,1
0.20162732004774453,0.8145233852854488,0.24660363497802462,0.16279098920622936,1,1,1,0,0,0,0
0.1636559428657045,0.6153197875781553,0.4840770697102016,0.5952128341268748,0,1,1,0,1,1,1
0.16426579793099294,0.3063822474971674,0.747444406596694,0.15047227100599747,0,1,0,0,1,0,1
0.8145747202313821,0.6237235976872623,0.4738098283979466,0.9680763814507335,1,1,0,0,1,0,0
0.6651972206962001,0.5266667559181731,0.057844449447160606,0.44671452725852034,0,0,1,0,0,0,0
0.5230654247691193,0.42625226693989876,0.9577898009882039,0.5015179603501664,0,1,1,0,0,0,0
0.3588304841235025,0.13043783312520169,0.9427243190941123,0.2466586158054065,0,0,0,0,0,1,0
0.8772005408131083,0.8875125930552543,0.7851895431484084,0.4709602524347335,0,1,1,1,1,1,0
0.3924451074226354,0.44915000326870097,0.9913279015642206,0.6619136326370115,0,1,1,0,0,1,0
0.8165994394715771,0.19539059020719254,0.5444823328002629,0.7511771369540428,0,1,0,0,0,0,1
0.4391349085702184,0.3677036914528907,0.9627683502532061,0.753868082709913,0,1,0,1,1,1,1
0.3769444294249076,0.4142792953959376,0.07560504061675077,0.5778911126940883,1,0,0,1,1,0,0
0.46267978566960644,0.827954474450189,0.3656807482613713,0.9043597749938572,1,1,0,1,1,0,1
0.3013778741641421,0.7332992559138999,0.22538126800676583,0.8174078473061094,0,1,0,1,0,0,1
0.7476093801762511,0.7697370178336891,0.19583308413427003,0.7570481146986254,0,0,0,0,0,0,1
0.5027203900924792,0.009677492500956626,0.14080294889267608,0.05560552168046062,0,0,1,1,0,0,1
0.2322126951468173,0.41579400341315054,0.6224136415659967,0.006877962219649314,1,1,1,1,1,0,0
0.8995745732745685,0.4808821202316531,0.7813218557473051,0.21244727719547296,1,0,0,0,1,1,1
0.3838912213732114,0.018565523816870804,0.5782983994203607,0.6635235939134523,0,0,0,0,1,1,1
0.5435528611139886,0.2597057313259947,0.14696270958820967,0.4111974888825458,1,0,1,0,1,1,0
0.9064721109645469,0.7604826981062258,0.8111237699334709,0.40240625929931173,0,1,1,1,0,1,0
0.6242379959139921,0.13746103572824872,0.6359547071637285,0.8845868882296137,0,0,1,0,0,0,0
0.11689804070836407,0.5354305698311919,0.3881657061269955,0.8955628481318387,0,1,0,1,0,0,0
0.9398321236134751,0.21486902528479074,0.674130295536063,0.9091752640535857,0,1,0,0,0,1,1
0.6277080530714179,0.012305282862805857,0.25990497924283285,0.3138780765150273,1,1,1,0,0,1,0
0.3349056146570861,0.2412636004469669,0.3451922084942105,0.6910558127392618,1,1,0,1,0,1,1
0.13927207266338726,0.9763417829940217,0.9174858431319902,0.27163318127436964,0,0,0,0,0,1,1
0.794025189270296,0.8019255802344554,0.2905045056714204,0.19060983307444979,1,1,0,0,0,1,0
0.6200727559285135,0.9595918825279938,0.4699882681579366,0.18463245734736922,1,0,1,0,1,1,0
0.5334610919763215,0.4874054174232818,0.8901411373960146,0.34210762086359403,0,1,1,0,1,1,0
0.8938925830509576,0.10940972359958746,0.7077213502675275,0.4299576197798217,1,0,0,0,0,1,0
0.7885972112245307,0.547684594293874,0.06220322616470275,0.8309491710550684,0,1,0,1,1,0,0
0.15167487973275118,0.4542197013930028,0.14730304427897034,0.1198910934727121,0,0,0,1,0,0,0
0.31172206779554823,0.8444911079534109,0.007841590771916818,0.7349258473948942,0,1,0,0,0,0,1
0.24848913981446574,0.09844016797930862,0.6309217902291634,0.5314549141893053,0,1,0,1,1,0,1
0.743946292572677,0.4882155776752705,0.4476734254104183,0.2879453426759925,1,0,1,1,0,1,1
0.03353243473577938,0.1500567270879345,0.13427485090227553,0.4928195845328246,0,1,0,1,0,0,1
0.5698896848713165,0.32474758004256,0.9579341210567704,0.29994206977702265,1,1,0,0,0,1,0
0.7624586857406905,0.7370991247312335,0.5296597239456199,0.596081955238306,0,1,0,0,0,0,0
0.8767656367617495,0.47555543323994504,0.24189329411288918,0.4338439228552442,0,0,1,0,0,1,1
0.34208174871590746,0.375010566197114,0.5006035711547075,0.16440552907887873,1,1,1,1,0,1,1
0.8212573046720129,0.39412870389099686,0.6796203327351078,0.11658307455569672,0,1,0,1,0,0,1
0.11063173695520723,0.45968334113262055,0.07623921797356448,0.5466956820721302,1,0,1,0,1,0,0
0.8464522917345182,0.7846650881180371,0.274703815047892,0.9024130332861034,1,0,1,0,1,1,0
0.12748866233198242,0.8919657854215214,0.8069654908839936,0.34395768655768555,0,0,1,1,0,1,0
0.39728729056036727,0.9555679021476344,0.45966487040266124,0.7330001072226232,0,0,1,1,1,1,1
0.7972953657795536,0.7871637310035065,0.5465771420322949,0.658661354939767,0,0,1,0,0,0,1
0.14991742734877378,0.31486712932192973,0.43281600220946925,0.931554914309481,0,1,1,1,0,0,0
0.22925139523264149,0.688633235764769,0.04389994264300512,0.8209810172991409,0,1,0,1,0,1,0
0.7222525683930663,0.43816679910006967,0.16574977982015593,0.566605258905463,0,1,1,1,0,0,1
0.7200365365460744,0.2541056971174419,0.4455416387418909,0.6570304982341073,1,0,1,1,1,1,1
0.6411476328852973,0.840459660991102,0.20918546540792782,0.8983864665840349,1,1,0,1,1,0,0
0.6939484444671,0.039021894303898096,0.04997902865967874,0.3995187845869348,0,0,0,1,1,0,1
0.5427244433475962,0.9016885653747959,0.8436496640518237,0.32679470585777737,1,0,0,1,1,0,0
0.25179905890695276,0.4603675756510082,0.9811925291641158,0.010811083635196339,1,1,0,0,0,0,0
0.34569599350391944,0.636501636055914,0.7931428739967394,0.8265510741914642,0,0,1,0,1,0,1
0.18159771680142567,0.6592292373931965,0.853784921704667,0.8009807004033649,0,0,1,1,0,1,1
0.9084505613336283,0.894536219381394,0.24197713031704537,0.10445451810015138,1,1,1,1,0,1,1
0.5833917947661205,0.6364629702818891,0.9606269755131998,0.5768573811327002,0,0,1,1,1,0,0
0.4008514167636399,0.6139497828669036,0.19692570445342839,0.4639816981668874,1,0,0,0,0,1,1
0.4620058036441327,0.06738316786270733,0.9514298103618323,0.11870909550911146,0,1,1,0,1,1,1
0.9472833396118153,0.5182627949870902,0.994819293965951,0.9805682270607236,1,0,1,1,1,0,0
0.1533514031160802,0.15070527171682804,0.7117228057460487,0.21469588746335544,1,0,0,0,1,1,0
0.5862298320167972,0.738148148802504,0.9811437317918219,0.06723418009056115,1,1,1,1,1,0,1
0.505888678884466,0.5129390756473505,0.5695397795671037,0.5948473795019096,1,1,1,1,1,1,0
0.6114542354346478,0.6803701565050461,0.25954178317609033,0.7388666771330327,0,1,1,1,0,1,0
0.01811018382084051,0.04069125602846478,0.43699588566562086,0.03244344604718696,0,1,1,1,1,1,0
0.8721239089441515,0.08502242847850515,0.593560935378786,0.6587176387270222,1,0,0,1,1,1,1
0.9321182824836124,0.716847588006589,0.07308156202701499,0.5322918759514544,1,0,0,1,0,1,1
0.5651331835892089,0.07204380244595565,0.6223432646172461,0.10326500887504841,0,1,0,1,1,1,0
0.6966508238768923,0.07212901970029623,0.9811778367622945,0.17252387694636206,0,0,0,0,1,1,0
0.9224993811772957,0.012538392015621179,0.19010764978372763,0.5679742973160805,1,0,0,1,0,0,0
0.7072386343133986,0.9567855349880565,0.7925951162883833,0.2963576135132884,1,1,1,0,0,0,1
0.15253904291426135,0.7380515498146099,0.9078987937796194,0.9383157286513161,1,1,1,1,1,0,0
0.5762883601668132,0.3534180934276946,0.9437015928202208,0.8187402294840508,1,0,0,1,0,0,0
0.6067150463828559,0.29528917603795757,0.9601356044054472,0.983567206513663,1,1,0,0,1,1,1
0.424130671302386,0.3494536602701144,0.5214596387214719,0.259670838950414,0,1,0,0,0,1,0
0.7364442356247228,0.7752521151948057,0.9773079079915037,0.969723632797977,1,1,1,1,1,1,1
0.9343670147690148,0.6609668154003653,0.7573102071344389,0.43123386979155787,0,0,0,0,1,0,1
0.9255685129067763,0.18508383161484945,0.1616714362369619,0.3475187953137546,0,1,1,1,1,0,1
0.4508393714041321,0.17358691717713282,0.47690010646797,0.05034952696935324,0,0,1,1,0,0,0
0.11323804584075525,0.0992876110109982,0.718331175372004,0.05276525785960262,1,0,1,0,1,1,0
0.9848411989623346,0.6611434659300471,0.24734031581908333,0.6920112559466547,0,0,1,0,0,0,1
0.8388980864459341,0.7639307277741656,0.6406151835488874,0.4579289944340279,0,1,0,0,1,1,0
0.12466268120326685,0.26512007732519854,0.6666004790466192,0.2265216260361057,0,1,1,0,1,0,1
0.9208418826173723,0.02060471400703079,0.1626997438085659,0.6139703063252326,0,1,1,1,1,1,0
0.8698963620621283,0.08247913979594304,0.5650853124527563,0.2528581182501112,1,1,0,0,1,0,1
0.5188380571260721,0.9681148763836517,0.7716269109786077,0.5776317543444226,1,1,1,0,1,1,1
0.5912754357449292,0.2958506302632269,0.4988956645359419,0.35920874698269034,0,0,1,0,0,0,0
0.39900270387013026,0.7693891070619876,0.012103116776107425,0.823552226611819,0,0,1,0,0,0,0
0.05476163882203133,0.626131271957458,0.009038469079292177,0.8206961607667793,1,0,0,0,0,1,0
0.3351972416459009,0.38142567777039055,0.3570293439700122,0.4773503981224013,1,1,1,1,1,1,0
0.8028534485980114,0.20483196051833685,0.926194068431782,0.3508191093350156,1,0,1,1,1,0,1
0.004632023004602859,0.1211898730590557,0.22867677960360877,0.36255979655909454,0,0,0,0,0,1,1
0.3334991716911442,0.6142289739060864,0.6343636888716871,0.8057145256682179,1,1,0,0,1,0,0
0.3981686935909433,0.7738875495027849,0.22207587069332058,0.328179482797612,0,1,1,1,1,1,0
0.5373956029379229,0.6434035962140316,0.3216699896595486,0.20905937370684602,0,0,1,0,1,0,1
0.9198556164127605,0.5298410387964425,0.848042089601484,0.08468834187530683,1,0,0,1,0,1,0
0.34634599436596125,0.04147391438066123,0.7288614422699469,0.4666931208844084,0,1,1,1,0,0,0
0.3469532018962277,0.9687478870696065,0.09539927731321063,0.4821320989198419,1,1,0,0,0,0,0
0.7375012481097484,0.7984610971240319,0.4287020209864336,0.8409087104029072,0,1,1,1,0,0,0
0.45221794088980716,0.2927322794135285,0.029169763645264468,0.22123869644606398,1,1,0,0,0,1,1
0.22460482293998196,0.9804174457461011,0.480890146603009,0.3809912736683999,0,0,1,0,1,0,1
0.4524395161326934,0.6014984283739314,0.6624340117010681,0.8084057388936909,0,0,0,1,1,1,0
0.14085702037979986,0.5822903852578941,0.11850262359815156,0.8236236107489735,1,1,0,1,1,1,1
0.1763869865062233,0.7482560594225786,0.28888493890916567,0.3846110759787682,1,0,0,0,1,1,0
0.49836777273947974,0.8107990041898274,0.3978366255021569,0.4591240232866809,1,0,0,1,0,0,0
0.4189254495045479,0.6552861545770273,0.9195310246560497,0.3032858908492829,1,1,0,0,0,1,0
0.9148459010681,0.1282688050305989,0.993255015422964,0.9325548784193121,0,0,1,1,1,1,1
0.3623938991166331,0.33851351313478184,0.044911298995615856,0.11864376574158031,1,0,1,1,0,1,1
0.5805883502780435,0.9291157503934759,0.761007923495392,0.93374942300147,1,0,0,0,1,0,1
0.6322642879195304,0.22469465928178534,0.37172406640234323,0.6838664518353432,0,1,1,0,1,1,1
0.013094456588333636,0.3725768936961424,0.39245818622948003,0.5315721526867312,1,1,1,0,1,1,1
0.6635373720167106,0.431979146622403,0.7542649733470227,0.032659060784495875,1,0,1,1,1,1,0
0.17803596686975143,0.43955360330524473,0.9184264321454086,0.4755961918220083,0,1,1,0,0,1,0
0.9610703174694551,0.6137732109154003,0.9509285945025484,0.4077481050027323,1,1,1,0,1,0,1
0.14866272775311296,0.9420138413356448,0.5771225860383208,0.16121881197512256,1,1,1,1,0,0,1
0.41462412372702373,0.2408995199612908,0.3571211593005028,0.6564096035006569,1,0,0,1,1,1,1
0.08534966807864386,0.12256916966595674,0.7875490858587793,0.9711509073682858,1,0,1,0,1,1,0
0.9968742518459474,0.197611506969542,0.25100138326230026,0.5621888110645251,1,1,1,0,1,1,1
0.5021950103312426,0.8877501866908859,0.5640740288335178,0.7147532764439458,1,0,1,0,1,1,0
0.5953850173200438,0.6454962065804413,0.35857846152487316,0.06845045256601678,0,0,0,0,0,0,0
0.06707647738842748,0.28589076549207826,0.6566310737078761,0.41766699581699473,1,0,1,1,1,0,1
0.7499604703991778,0.8159637013198116,0.2403989128935069,0.11635848516449587,0,0,1,1,0,0,0
0.20990559309558576,0.8602612008237567,0.19159294573482577,0.6127958355365104,0,0,1,0,1,0,0
0.8980542894407137,0.8459302497763529,0.9182390866754371,0.9384821582141546,0,1,0,0,1,1,1
0.20513964048200717,0.9183780960998624,0.1018036829495369,0.6617777324716385,0,0,1,0,1,1,0
0.19068772066366657,0.2526520532123778,0.5059579077349317,0.07680304831442153,1,0,0,1,0,0,1
0.03654966784809488,0.7554780052991203,0.22085278296300892,0.35466620498508283,1,0,1,0,1,0,0
0.47206694510999925,0.46070151549549326,0.03892996332566745,0.5506633794408515,1,1,0,0,1,1,1
0.5648411332626164,0.8424106043384894,0.03601881829142639,0.4032077561332522,0,1,0,1,1,1,1
0.06570863942835237,0.7284086024552523,0.17522177210582734,0.8336440104751723,1,1,0,1,1,1,0
0.7755276166950106,0.7770484123344944,0.8667703545060003,0.8146710047099892,1,0,1,0,1,1,1
0.4532888347480276,0.6561662319023875,0.28247874397702666,0.6118310201032214,1,1,0,0,0,1,0
0.52439026932758,0.17745770149342024,0.9504591705752957,0.37345794513270525,0,1,0,1,0,0,0
0.44076274693822814,0.5448941225803071,0.5816222929891935,0.25533637376324414,0,1,0,0,1,0,1
0.400763060875326,0.9850119647633264,0.4366141897687661,0.10587431821312931,1,1,0,0,1,1,0
0.5596403313082179,0.9371774670888124,0.5800888346694546,0.35489768348655404,0,0,1,1,0,1,1
0.1552402459307125,0.0436619514856107,0.5166983852262678,0.4131725172077195,0,1,1,1,1,0,0
0.18192813049527112,0.16424874115907911,0.7587762537573252,0.6758229251040736,1,1,1,1,0,1,0
0.8617856210135173,0.13117931532719782,0.28249606597285226,0.6581598242975735,0,0,1,0,1,0,1
0.9461154621336327,0.7263236233628587,0.3530503916003024,0.07010813964125695,0,0,0,1,1,0,0
0.37330931627975295,0.8177410577496536,0.8940943025332507,0.3952593154311578,1,1,1,1,0,0,0
0.27074467314355377,0.21328442060259534,0.9464565131504055,0.18177886721736192,0,0,0,0,1,0,0
0.6439995432390158,0.5062977218180668,0.8925582274864745,0.1568127053168057,0,1,1,0,0,1,0
0.4087341710980964,0.8403993973041569,0.4194479939573136,0.8273021497372459,0,0,1,1,0,1,0
0.02538635566034486,0.7327014441391004,0.7803655030068817,0.04191521671625753,0,0,1,1,0,0,0
0.15615259736619036,0.5429368194668839,0.4763357333010988,0.41918287590212133,0,1,0,0,1,1,0
0.7159722288473975,0.5911172616316782,0.4975398521461022,0.1682036557665182,0,0,1,0,0,1,0
0.6589239419101514,0.5091467460214151,0.20468010905728395,0.879330215678474,0,1,1,1,0,1,1
0.02709599250348349,0.29740738843035364,0.5911303032585165,0.5570405132750351,0,0,1,1,1,1,0
0.22197216193294944,0.5656373443115084,0.18613589775334793,0.23138063637684803,1,1,0,0,1,0,0
0.2310747965880714,0.6884108256362064,0.33156469906719377,0.5024272871663764,1,0,1,1,1,1,1
0.6718927435987284,0.8728694644234466,0.8550302016199351,0.7314863597031158,1,0,1,0,1,0,1
0.019710537754364155,0.6351161260529359,0.20707580921085522,0.9581180089194338,1,0,0,1,1,0,1
0.10410858198457384,0.7619579711441072,0.07115828517343281,0.22044600424541894,0,0,0,0,1,1,0
0.7999160853731894,0.15963964503003494,0.0690075926128163,0.8861817721293451,1,0,1,0,0,0,1
0.1785446620543336,0.4614942081299164,0.9407845205031079,0.9343041141674903,1,1,1,1,1,1,1
0.6527461078518747,0.008876457656129154,0.5069204379618346,0.9164205445320662,0,0,1,1,0,1,0
0.23818278104672652,0.2470264471457881,0.40941207181701833,0.6354143568619098,0,1,0,0,1,0,0
0.09944139275934516,0.7262738982826462,0.8108785810079184,0.6298206544347077,0,1,0,1,0,1,1
0.24317219099945409,0.9911575429041469,0.835825927910516,0.4032106331838228,0,1,0,1,0,0,1
0.7222669318556592,0.09939893086930894,0.3321910331156046,0.7523978823037879,0,0,1,1,1,0,0
0.8556964681062857,0.40077745084888317,0.6936180574737952,0.5312940183509319,1,1,0,0,1,1,0
0.8302198645669916,0.7996522658365017,0.7711228158518866,0.6774380712282945,0,0,1,1,0,1,0
0.3971835296184548,0.2029821900715858,0.6546506868659545,0.42845790384879545,1,1,0,1,1,1,0
0.6680851365706462,0.5543729702461875,0.15159507480009937,0.7314964640431391,1,1,0,0,1,0,0
0.20498429541582097,0.733160560614535,0.875883083517057,0.8244715176045491,0,1,0,1,0,1,1
0.29314773026101326,0.6150031822411276,0.5390945527360087,0.14643625660281612,1,1,1,1,0,0,0
0.8963358185211198,0.18728416175310528,0.2824724263700037,0.832929715574228,1,1,1,0,0,0,0
0.013001923510736035,0.355383384227673,0.4252281854376939,0.5402965317903072,0,0,1,0,1,1,0
0.08550853085446808,0.7835199810373507,0.03757109039890738,0.8446659090902243,1,1,1,1,1,1,0
0.20788625514602732,0.5552225324499963,0.12786680122241756,0.4313017063410146,1,1,0,1,1,1,0
0.026532203873819715,0.006146561815924924,0.7655467505158609,0.37904048538303503,1,0,1,0,1,0,1
0.18143543508979731,0.7605567987967182,1.1634755366141114e-05,0.9150607325172224,0,0,0,0,0,1,0
0.5830415609696922,0.03558992374944081,0.4165658284822922,0.2511692675484013,0,0,1,1,1,0,1
0.42142455059249795,0.7461084240096719,0.5225101810855884,0.8442123252861431,0,1,1,1,0,1,0
0.8926717110769748,0.2021818207362252,0.054634420000972295,0.4840205725094041,1,1,0,1,1,1,1
0.8174435617384409,0.9573257093511311,0.9730781629723328,0.5140954425512597,0,1,0,0,1,0,1
0.34181735169787597,0.36793460207743045,0.22612533124967193,0.308468281489484,1,1,1,1,0,0,0
0.2594234334312925,0.32684519350067204,0.30419871963628087,0.5730422006190157,0,1,1,0,1,1,0
0.3796924081672669,0.14867016808395936,0.30394251225502733,0.3252111962762113,1,1,0,0,1,1,0
0.5902949425148077,0.30582537392429715,0.2304166621173499,0.03926941424165231,0,0,0,0,0,1,0
0.26806364082287626,0.8762753970246978,0.001473822086311416,0.27199860534435605,0,0,0,1,1,1,0
0.624148907849134,0.9957583388534578,0.7293447940879964,0.006379043406590679,1,1,0,1,0,1,1
0.4094116521912404,0.36836407199202326,0.9668454997992854,0.9783547870568566,0,1,0,1,0,0,0
0.5520471808519802,0.448803616000827,0.22429348328504506,0.9657472098197475,1,1,1,0,0,0,0
0.4361265291353167,0.721482615730787,0.6630471918034224,0.39515529747230504,0,1,1,1,0,0,1
0.29446575954191767,0.88665982577057,0.7418963269587151,0.728370854339646,0,1,1,0,1,0,0
0.9484533069621567,0.5921590936178961,0.8484253790905247,0.345806098410425,1,0,1,0,1,1,1
0.7636057941597608,0.39123664144847153,0.4226291970136091,0.671093157085976,1,0,0,0,1,0,0
0.14011317576645255,0.41249283658052494,0.30293090564042924,0.8054300430459791,1,1,0,0,0,0,1
0.8684679758979128,0.6953000346404808,0.3252951340230311,0.9467562446922407,0,0,0,0,1,0,0
0.48743119824951364,0.0029357333675030855,0.7126213330985128,0.400212275849672,1,1,1,0,1,1,1
0.8945522268940914,0.6205248747009947,0.816779466505636,0.7832979829560477,0,1,0,1,1,0,1
0.7998552559473152,0.35506756839683795,0.18161396775660266,0.2659284506321188,1,1,0,0,1,1,0
0.42521350446923345,0.7954179421383202,0.3709410081577652,0.9903323037936483,1,0,1,1,0,0,0
0.022469308320117398,0.09320920321299768,0.90194019674915,0.025769598764351143,1,0,1,0,0,1,0
0.2686773593849461,0.5882482945170465,0.8066935196947392,0.603528806501121,1,1,1,1,1,0,1
0.5416342146608669,0.4812110100628176,0.9848584027624758,0.6595059816513271,1,0,0,1,0,1,1
0.6334782198261473,0.6435904897798533,0.7542482596820808,0.6880455570741288,1,0,0,1,1,0,1
0.2578876854332023,0.06435679798100262,0.39319520102792227,0.12038757878908901,0,1,1,1,1,1,0
0.13935607407282413,0.5794235784686631,0.5906378339946378,0.9385297834731304,1,0,1,0,1,1,0
0.8349302367992991,0.5611071548612377,0.6610142542473203,0.1811832790500828,0,0,0,0,0,0,1
0.9844021807035521,0.5606761659896532,0.07845581631712395,0.6227534032398411,1,1,1,0,1,1,0
0.5256901823026858,0.6026247810340485,0.5444969591038651,0.22267607912308496,1,1,0,0,0,1,1
0.1716792858483035,0.6764791068460215,0.7093208284726096,0.3072164170212709,1,0,1,1,0,0,0
0.27230732651936895,0.8058357732474766,0.16732130400106038,0.5464585417281244,0,1,1,1,1,0,0
0.018390676547466733,0.26989642382352674,0.7806317174255571,0.4171934185645765,0,0,1,1,0,1,1
0.914298806560499,0.8249030674505744,0.5837727805141116,0.1602256009765063,1,1,0,0,0,0,0
0.11775108289014113,0.4979466020391118,0.9522217856975946,0.1709364024208483,0,1,0,1,1,0,0
0.5765164755142536,0.07750753498660695,0.042422298206891695,0.41814478816279965,1,1,1,0,0,0,0
0.274055220687206,0.05813801285736018,0.26532613755546697,0.7572829782755007,1,1,0,1,0,1,0
0.5541780025157934,0.3351615166563604,0.6015538792998241,0.8979646468477885,0,0,1,1,1,1,0
0.6514203883518642,0.7858636569853247,0.2965599122059307,0.08412766225938284,0,1,1,1,1,1,1
0.8297418037072016,0.7078093101402466,0.7144241640712422,0.39310390755940106,0,1,0,1,0,1,0
0.2064212717606032,0.7886092071283681,0.759005282521931,0.10024556372287663,0,1,0,1,1,1,1
0.010995828658480478,0.5177843863457301,0.10251596406647445,0.016592480632597884,1,0,0,0,1,1,0
0.13688563006880727,0.44074639720660425,0.5138544642067677,0.6617186826439566,0,0,0,1,0,1,0
0.9000186418481051,0.14704953084075423,0.5088905555910559,0.6024494419665878,0,1,1,0,0,0,1
0.8738900775625152,0.3279294760427432,0.36928077021554107,0.1630191138148862,1,1,0,0,1,1,1
0.5974131021703083,0.4333581924565336,0.9329248625696721,0.2338128330930641,0,1,0,0,0,1,0
0.6005168604336534,0.08880496214878426,0.8275063198732212,0.02370775364451838,0,1,1,0,1,0,0
0.6650366745462555,0.2209452666529397,0.6972093819096368,0.8349472056944037,0,1,1,0,1,0,1
0.1753712786234496,0.5975503312448082,0.7143266357349976,0.9746905960485515,0,1,1,0,0,0,1
0.9144119459249598,0.7354355147867817,0.4617161438131191,0.1354595367946908,1,0,1,0,0,1,1
0.4187705248920731,0.9976738844341589,0.9209945210965759,0.23147521376529812,1,1,0,0,1,0,1
0.38313852824949746,0.9326639314384357,0.6945954272532854,0.868409523946934,0,1,0,1,1,1,0
0.5189177052828375,0.6428407080653047,0.7289810616558164,0.9264637979561848,0,1,1,1,1,1,0
0.046965966775055046,0.4208813122607329,0.8616909037873453,0.41962738280681033,1,1,1,0,1,1,0
0.1662833687560794,0.6360269517302166,0.274071589342191,0.050622472269074126,0,1,0,0,0,0,0
0.7380336164263704,0.7848379622162583,0.807070903866703,0.0393918336928194,0,1,0,0,1,0,0
0.08279866792512647,0.11842968602824964,0.19524060295649204,0.5739498660690104,0,0,0,1,0,1,1
0.6031521094663882,0.4098827530363659,0.34534195224488784,0.392895108893179,0,0,0,1,0,1,1
0.24534910968132095,0.8394378060106006,0.3356104542698427,0.028652427577654516,0,0,0,0,1,1,1
0.38929561404197655,0.38373844478420277,0.9785254683891406,0.5832523923125568,0,0,1,0,0,0,0
0.28869373677069987,0.5719624186674382,0.8565372237479268,0.011302536589022472,0,0,1,1,0,1,1
0.35567271646494913,0.5873619267877436,0.7011698615902597,0.787371958149273,0,0,1,1,1,0,0
0.7190459051842455,0.18373812186163846,0.7270567616153901,0.3064328227033716,0,1,1,0,0,1,0
0.297121715623175,0.3631382288686318,0.5620727944025711,0.0402580030092321,1,1,0,0,0,0,0
0.5664046402968972,0.334194652389577,0.9470906671085191,0.5883522209831533,1,1,1,0,1,1,1
0.47605040219909966,0.02614832848047135,0.49625875288236154,0.3976844144330547,1,1,0,0,1,0,0
0.6636711653626481,0.024697183758865402,0.3805177098698945,0.9738004133571495,0,1,0,1,1,0,0
0.936829739324758,0.8334615712695587,0.163035336931591,0.5441986625037022,0,1,0,1,1,0,1
0.7325720972102503,0.272448566747868,0.786205652261058,0.2752391810370083,1,0,0,0,1,0,0
0.21494037859075676,0.5183036798456787,0.7344439320755914,0.7094388646339748,0,1,0,0,1,0,1
0.031183135061284672,0.298371797446126,0.3843550385241349,0.27149200254271133,1,0,0,0,1,0,0
0.2622640442998251,0.9404098499630521,0.02519341395922936,0.9042432914075651,0,0,0,1,0,1,1
0.5950779307002548,0.25893665285527034,0.8389973277180107,0.37472197050737643,1,1,1,0,0,1,0
0.05142581348425035,0.4290939852550348,0.011417983454073632,0.5498685627762052,1,1,0,0,1,1,0
0.49636624720123634,0.8727096048037095,0.703699779629051,0.05057310382422886,1,1,1,0,0,1,1
0.5968428489168892,0.8411963154482845,0.970257109726057,0.4261212379522308,0,1,1,1,0,0,0
0.3342438908169608,0.18657482162953326,0.43766132814820347,0.832363539660995,1,1,0,0,1,1,1
0.7709122037458219,0.8026708112637271,0.23497340499595276,0.8056488053633419,0,1,0,1,0,0,0
0.1065982531337718,0.45839810422434335,0.7048710100433817,0.22431855885352625,0,1,1,0,1,0,1
0.07513778173580876,0.4827357777793821,0.8171281420155851,0.22607907101056268,0,0,1,0,0,0,0
0.7281887562036033,0.1332963704488379,0.5464303160778473,0.8173053122132368,0,1,1,0,1,1,0
0.49549131620619846,0.08074529570970831,0.9670352752561462,0.9303984201693255,0,1,1,1,0,0,0
0.688402396427736,0.7273572816575623,0.0516687216579611,0.09536092127300355,0,0,0,0,0,1,1
0.4348273386037462,0.4962821571380931,0.5047955983045281,0.45005863942622526,0,1,0,0,0,1,1
0.2464020332391068,0.43642089585824034,0.7184539473225501,0.33745427896422897,1,1,0,1,1,1,1
0.8191023176741997,0.7290629442471013,0.862640471149179,0.8706884554574393,1,0,1,1,0,1,1
0.7994158789689793,0.7644579798707969,0.17925561190779005,0.08352491468001877,1,1,0,1,0,1,1
0.6946964708544268,0.15957783096409356,0.8000034817636814,0.2111259425580374,0,1,1,0,1,0,0
0.2721451372299627,0.6098818801010644,0.5527070757185453,0.7524683375864943,0,1,0,1,1,0,0
0.5902306668690871,0.1359357703052673,0.3965536819899632,0.051293848981215584,0,1,1,0,0,1,0
0.3609738969400268,0.7519094821897429,0.13171502857909356,0.49253538071428926,0,1,0,1,0,0,0
0.09158207332663415,0.6563121564138813,0.8652957589089124,0.44210703467972,1,1,0,1,0,1,0
0.9173135754622428,0.9560704154656215,0.15727320817971535,0.33440117898874866,0,0,1,1,0,0,1
0.1368186309189614,0.07023826783609902,0.30978785920909924,0.3945723153189238,1,1,1,0,1,0,0
0.9502373538208024,0.05793018412221789,0.2900455319624369,0.5299405869302329,0,1,1,0,0,0,1
0.44600577295795574,0.2821713154365361,0.8714140341908543,0.16136735838838312,1,0,1,0,0,0,0
