LTE/5g Category,Time,Packet Loss Rate,Packet delay,IoT,LTE/5G,GBR,Non-GBR,AR/VR/Gaming,Healthcare,Industry 4.0,IoT Devices,Public Safety,Smart City & Home,Smart Transportation,Smartphone,slice Type,LOS
20,15,0.00024935707650561637,100,0,1,1,0,0,0,0,0,0,0,0,1,1,1
4,11,0.0009308678494144077,50,0,1,0,1,1,0,0,0,0,0,0,0,1,1
12,13,0.00032484426905034626,300,0,1,0,1,0,0,0,0,0,0,0,1,1,1
4,19,0.0007625149282040127,100,0,1,1,0,0,0,0,0,0,0,0,1,1,1
14,6,0.000882923312638332,150,0,1,0,1,0,0,0,0,0,0,0,1,1,1
6,21,0.0008829315215254098,100,0,1,1,0,1,0,0,0,0,0,0,0,1,1
18,9,0.0017896064077536958,100,0,1,1,0,0,0,0,0,0,0,0,1,1,0
17,18,0.00038471736457645444,60,0,1,1,0,0,0,0,0,0,0,0,1,1,1
13,16,-0.00023373719296747607,10,1,0,0,1,0,1,0,0,0,0,0,0,3,1
10,3,0.010271280021792983,100,0,1,0,1,0,0,0,0,0,0,0,1,1,0
4,9,-0.00023070884640623114,60,0,1,1,0,0,0,0,0,0,0,0,1,1,1
11,1,-0.00023186487678512844,10,1,0,0,1,0,0,1,0,0,0,0,0,3,1
18,12,0.010120981135783018,300,1,0,1,0,0,0,0,1,0,0,0,0,2,0
10,3,0.009043359877671102,75,0,1,0,1,0,0,0,0,0,0,0,1,1,0
16,11,-0.0008614589162565164,60,0,1,1,0,0,0,0,0,0,0,0,1,1,1
8,4,0.0007188562353795137,50,1,0,1,0,0,0,1,0,0,0,0,0,2,1
7,1,-0.0005054155601672119,10,1,0,0,1,0,1,0,0,0,0,0,0,3,1
19,9,0.001157123666297637,50,1,0,1,0,0,0,1,0,0,0,0,0,2,0
14,2,0.0005459879622393946,50,0,1,0,1,1,0,0,0,0,0,0,0,1,1
6,5,0.009293848149332354,75,0,1,0,1,0,0,0,0,0,0,0,1,1,0
13,22,0.001732824384460777,50,1,0,1,0,0,0,1,0,0,0,0,0,2,0
10,11,-0.00011188815024326783,60,0,1,1,0,0,0,0,0,0,0,0,1,1,1
18,22,3.476410234396192e-05,10,1,0,0,1,0,0,0,0,0,0,1,0,3,1
14,8,-0.0007113740931067284,10,1,0,0,1,0,0,0,0,0,0,1,0,3,1
16,14,-0.0002711913622625913,300,0,1,0,1,0,0,0,0,0,0,0,1,1,1
7,1,0.010055461294854934,300,1,0,1,0,0,0,0,0,0,1,0,0,2,0
20,23,-0.0005744967887111514,100,0,1,1,0,0,0,0,0,0,0,0,1,1,1
15,16,0.000188849009172836,300,0,1,1,0,0,0,0,0,0,0,0,1,1,1
20,10,-0.00029931934495940244,10,1,0,0,1,0,1,0,0,0,0,0,0,3,1
11,11,0.009854153125103363,300,1,0,1,0,0,0,0,0,0,1,0,0,2,0
19,11,0.009699146693885302,300,1,0,1,0,0,0,0,1,0,0,0,0,2,0
5,23,0.0009271390922544689,60,0,1,1,0,0,0,0,0,0,0,0,1,1,1
14,19,0.009993251387631033,100,0,1,0,1,0,0,0,0,0,0,0,1,1,0
4,4,-0.0005278554644779502,100,0,1,1,0,0,0,0,0,0,0,0,1,1,1
10,1,0.00041227245605159453,300,0,1,0,1,0,0,0,0,0,0,0,1,1,1
22,21,0.00938957817501449,300,1,0,1,0,0,0,0,1,0,0,0,0,2,0
6,10,0.0011044317975023776,150,0,1,0,1,0,0,0,0,0,0,0,1,1,0
11,16,-0.0009788350619398878,10,1,0,0,1,0,0,1,0,0,0,0,0,3,1
8,9,-0.0006630930244492152,10,1,0,0,1,0,0,1,0,0,0,0,0,3,1
11,21,9.943061793456176e-05,10,1,0,0,1,0,0,0,0,0,0,1,0,3,1
6,2,0.010369233289997705,100,0,1,0,1,0,0,0,0,0,0,0,1,1,0
3,6,0.010085684140594986,100,0,1,0,1,0,0,0,0,0,0,0,1,1,0
4,14,-5.682414119412027e-05,10,1,0,0,1,0,0,1,0,0,0,0,0,3,1
3,18,-0.0001495518477946444,100,0,1,1,0,0,0,0,0,0,0,0,1,1,1
11,5,0.0002607390048162863,50,1,0,1,0,0,0,1,0,0,0,0,0,2,1
5,21,0.0006400778958026457,50,0,1,0,1,1,0,0,0,0,0,0,0,1,1
16,10,0.009769680614520106,50,1,0,0,1,0,0,0,0,0,1,0,0,2,0
21,15,0.0005295611131094579,10,1,0,0,1,0,1,0,0,0,0,0,0,3,1
10,8,0.0011718091447842308,100,0,1,1,0,1,0,0,0,0,0,0,0,1,0
6,1,0.00011847992231863304,150,0,1,0,1,0,0,0,0,0,0,0,1,1,1
17,14,0.010162041984697398,75,0,1,0,1,0,0,0,0,0,0,0,1,1,0
12,14,-0.00019154114020815828,100,0,1,1,0,0,0,0,0,0,0,0,1,1,1
2,12,0.0006615389998470206,100,0,1,1,0,1,0,0,0,0,0,0,0,1,1
8,10,0.000306838144420434,300,0,1,0,1,0,0,0,0,0,0,0,1,1,1
4,23,0.0015154997612479755,50,0,1,0,1,1,0,0,0,0,0,0,0,1,0
19,4,0.00046664005955809933,10,1,0,0,1,0,0,0,0,1,0,0,0,3,1
1,10,-0.00041860876161131926,10,1,0,0,1,0,1,0,0,0,0,0,0,3,1
19,13,-0.0001536061879256073,60,0,1,1,0,0,0,0,0,0,0,0,1,1,1
11,10,0.00016663171570178198,10,1,0,0,1,0,1,0,0,0,0,0,0,3,1
10,23,0.01048777256356118,300,1,0,1,0,0,0,0,0,0,1,0,0,2,0
18,18,0.000760412881077355,100,0,1,1,0,1,0,0,0,0,0,0,0,1,1
6,14,-9.182948833190857e-05,10,1,0,0,1,0,0,1,0,0,0,0,0,3,1
9,18,0.009446832512996986,300,1,0,1,0,0,0,0,1,0,0,0,0,2,0
11,11,-0.0005971033120403354,100,0,1,1,0,0,0,0,0,0,0,0,1,1,1
1,16,0.00040726291119709903,300,0,1,1,0,0,0,0,0,0,0,0,1,1,1
11,13,0.0016781200142854114,50,0,1,0,1,1,0,0,0,0,0,0,0,1,0
1,3,-3.500506079016693e-05,300,0,1,0,1,0,0,0,0,0,0,0,1,1,1
1,13,0.0005027664489460121,10,1,0,0,1,0,0,0,0,0,0,1,0,3,1
14,7,0.0011808180125238172,100,0,1,1,0,0,0,0,0,0,0,0,1,1,0
2,10,0.009677440122697438,50,1,0,0,1,0,0,0,0,0,1,0,0,2,0
20,9,0.010180697802754208,300,1,0,1,0,0,0,0,1,0,0,0,0,2,0
3,4,0.010769018283232984,100,0,1,0,1,0,0,0,0,0,0,0,1,1,0
17,5,0.0009820869804450243,50,0,1,0,1,1,0,0,0,0,0,0,0,1,1
9,5,0.0007833218279070032,10,1,0,0,1,0,1,0,0,0,0,0,0,3,1
5,19,-0.00030987255204487215,100,0,1,1,0,0,0,0,0,0,0,0,1,1,1
1,4,0.001410951252187612,100,0,1,1,0,0,0,0,0,0,0,0,1,1,0
7,19,4.452353411908561e-05,60,0,1,1,0,0,0,0,0,0,0,0,1,1,1
13,2,0.0008504963247670663,100,0,1,1,0,0,0,0,0,0,0,0,1,1,1
11,16,0.010045880388267751,75,0,1,0,1,0,0,0,0,0,0,0,1,1,0
12,4,0.009006215542699553,300,1,0,1,0,0,0,0,0,0,1,0,0,2,0
10,5,0.0008901640560812441,100,0,1,1,0,0,0,0,0,0,0,0,1,1,1
2,2,0.0011785562857558733,50,0,1,0,1,1,0,0,0,0,0,0,0,1,0
6,2,0.000739947022370758,300,0,1,0,1,0,0,0,0,0,0,0,1,1,1
6,0,0.009740864890863177,50,1,0,0,1,0,0,0,0,0,1,0,0,2,0
3,21,-0.0004032468014465938,300,0,1,1,0,0,0,0,0,0,0,0,1,1,1
9,12,0.009749121478207732,300,1,0,1,0,0,0,0,0,0,1,0,0,2,0
2,1,0.010457701058851037,50,1,0,0,1,0,0,0,0,0,1,0,0,2,0
19,3,0.00016537555482984222,10,1,0,0,1,0,1,0,0,0,0,0,0,3,1
11,2,0.009735119898116481,100,0,1,0,1,0,0,0,0,0,0,0,1,1,0
5,21,0.010256633716556678,300,1,0,1,0,0,0,0,0,0,1,0,0,2,0
19,23,4.953877467402019e-05,300,0,1,0,1,0,0,0,0,0,0,0,1,1,1
11,9,0.0014843224952664448,100,0,1,1,0,0,0,0,0,0,0,0,1,1,0
9,8,0.0006489734530613239,50,1,0,1,0,0,0,1,0,0,0,0,0,2,1
6,23,0.0008361689267011159,150,0,1,0,1,0,0,0,0,0,0,0,1,1,1
4,17,-0.00019505407656607881,300,0,1,1,0,0,0,0,0,0,0,0,1,1,1
9,5,-0.0007307574740660593,10,1,0,0,1,0,0,0,0,1,0,0,0,3,1
17,8,0.001148060138532288,100,0,1,1,0,1,0,0,0,0,0,0,0,1,0
12,19,0.0011305276360899447,50,0,1,0,1,1,0,0,0,0,0,0,0,1,0
9,2,3.5567283212304445e-06,10,1,0,0,1,0,1,0,0,0,0,0,0,3,1
20,2,-0.00011629356668757346,60,0,1,1,0,0,0,0,0,0,0,0,1,1,1
22,9,-0.0007066853710252071,10,1,0,0,1,0,0,0,0,1,0,0,0,3,1
3,5,-0.00020932266138267954,60,0,1,1,0,0,0,0,0,0,0,0,1,1,1
5,6,0.009828642741736615,100,0,1,0,1,0,0,0,0,0,0,0,1,1,0
22,19,-0.00040013863461080946,10,1,0,0,1,0,0,0,0,0,0,1,0,3,1
18,4,0.009919357144166996,50,1,0,0,1,0,0,0,0,0,1,0,0,2,0
14,6,0.0012020254284072693,100,0,1,1,0,0,0,0,0,0,0,0,1,1,0
8,18,0.010943092950605266,50,1,0,0,1,0,0,0,0,0,1,0,0,2,0
4,12,8.828890641591947e-05,60,0,1,1,0,0,0,0,0,0,0,0,1,1,1
13,0,0.0011287751953613823,50,0,1,0,1,1,0,0,0,0,0,0,0,1,0
9,14,-3.622295788308361e-05,10,1,0,0,1,0,0,1,0,0,0,0,0,3,1
16,6,4.061439235047927e-05,50,1,0,1,0,0,0,1,0,0,0,0,0,2,1
13,16,0.009986743062275392,300,1,0,1,0,0,0,0,1,0,0,0,0,2,0
1,15,3.111510497051322e-05,60,0,1,1,0,0,0,0,0,0,0,0,1,1,1
6,14,0.002231621056242643,50,0,1,0,1,1,0,0,0,0,0,0,0,1,0
12,11,0.00990381951760944,50,1,0,0,1,0,0,0,0,0,1,0,0,2,0
3,8,0.010150773671166806,300,1,0,1,0,0,0,0,0,0,1,0,0,2,0
4,1,-1.6355884852621657e-05,60,0,1,1,0,0,0,0,0,0,0,0,1,1,1
9,3,0.009415660981190234,300,1,0,1,0,0,0,0,1,0,0,0,0,2,0
15,19,0.0005724114072575103,60,0,1,1,0,0,0,0,0,0,0,0,1,1,1
9,23,0.001375966516343387,50,1,0,1,0,0,0,1,0,0,0,0,0,2,0
16,6,0.0003965159735215235,10,1,0,0,1,0,1,0,0,0,0,0,0,3,1
7,21,-0.00045369372739736946,10,1,0,0,1,0,0,0,0,0,0,1,0,3,1
8,11,0.01070139715546805,300,1,0,1,0,0,0,0,1,0,0,0,0,2,0
22,20,0.00929907446860386,50,1,0,0,1,0,0,0,0,0,1,0,0,2,0
7,12,0.00029442854690013516,300,0,1,1,0,0,0,0,0,0,0,0,1,1,1
4,19,0.0010962278129049892,100,0,1,1,0,0,0,0,0,0,0,0,1,1,0
2,18,0.009504731837434655,50,1,0,0,1,0,0,0,0,0,1,0,0,2,0
16,14,0.000716851135198614,100,0,1,1,0,1,0,0,0,0,0,0,0,1,1
3,12,0.01004982568254382,75,0,1,0,1,0,0,0,0,0,0,0,1,1,0
11,2,0.0007482621729419004,150,0,1,0,1,0,0,0,0,0,0,0,1,1,1
5,22,0.009224668284466934,300,1,0,1,0,0,0,0,0,0,1,0,0,2,0
22,17,0.010034281487403015,300,1,0,1,0,0,0,0,1,0,0,0,0,2,0
6,6,0.009468848143136949,75,0,1,0,1,0,0,0,0,0,0,0,1,1,0
3,15,0.0002377962153175908,10,1,0,0,1,0,0,1,0,0,0,0,0,3,1
6,19,-0.0004587121171169016,100,0,1,1,0,0,0,0,0,0,0,0,1,1,1
9,20,0.0007759672025087698,300,0,1,1,0,0,0,0,0,0,0,0,1,1,1
17,8,-0.0003906266461681185,10,1,0,0,1,0,0,1,0,0,0,0,0,3,1
13,0,-0.0001600307581028378,60,0,1,1,0,0,0,0,0,0,0,0,1,1,1
14,14,0.010406758608684836,75,0,1,0,1,0,0,0,0,0,0,0,1,1,0
6,4,0.009384567841783022,300,1,0,1,0,0,0,0,0,0,1,0,0,2,0
10,23,0.0001147299673020647,10,1,0,0,1,0,0,0,0,0,0,1,0,3,1
12,16,0.000654571377141214,60,0,1,1,0,0,0,0,0,0,0,0,1,1,1
4,10,-0.0008027416172806137,10,1,0,0,1,0,0,0,0,1,0,0,0,3,1
20,12,9.33169292661521e-05,100,0,1,1,0,0,0,0,0,0,0,0,1,1,1
10,11,0.0011299413971242117,100,0,1,1,0,1,0,0,0,0,0,0,0,1,0
19,18,0.010390911435888656,75,0,1,0,1,0,0,0,0,0,0,0,1,1,0
11,20,-0.000617475355439041,300,0,1,1,0,0,0,0,0,0,0,0,1,1,1
13,23,-0.0006592283065421381,10,1,0,0,1,0,0,0,0,0,0,1,0,3,1
15,5,0.00026197078280844885,10,1,0,0,1,0,0,1,0,0,0,0,0,3,1
5,12,0.001148492336616593,150,0,1,0,1,0,0,0,0,0,0,0,1,1,0
15,18,0.00012624642517293828,10,1,0,0,1,0,0,1,0,0,0,0,0,3,1
1,3,0.001173224104748488,50,1,0,1,0,0,0,1,0,0,0,0,0,2,0
13,5,0.009659987639210756,50,1,0,0,1,0,0,0,0,0,1,0,0,2,0
20,19,0.0011161268485805017,150,0,1,0,1,0,0,0,0,0,0,0,1,1,0
11,8,0.0011465362366493406,150,0,1,0,1,0,0,0,0,0,0,0,1,1,0
4,14,-0.0003561757090131839,300,0,1,1,0,0,0,0,0,0,0,0,1,1,1
14,19,0.0019328872555723783,100,0,1,1,0,1,0,0,0,0,0,0,0,1,0
10,3,0.00023791646045589375,100,0,1,1,0,0,0,0,0,0,0,0,1,1,1
1,3,-0.0005946517486013243,10,1,0,0,1,0,0,0,0,1,0,0,0,3,1
6,19,0.00032927680431691487,10,1,0,0,1,0,0,0,0,0,0,1,0,3,1
20,8,-0.0004863408351136607,10,1,0,0,1,0,1,0,0,0,0,0,0,3,1
16,11,0.00039454230187122605,10,1,0,0,1,0,0,0,0,1,0,0,0,3,1
18,23,0.010579297789503702,100,0,1,0,1,0,0,0,0,0,0,0,1,1,0
1,11,-0.0004093411591758552,10,1,0,0,1,0,0,1,0,0,0,0,0,3,1
20,15,0.001481688064622161,150,0,1,0,1,0,0,0,0,0,0,0,1,1,0
6,5,0.00020739046346824916,300,0,1,1,0,0,0,0,0,0,0,0,1,1,1
13,8,0.010411030079997245,50,1,0,0,1,0,0,0,0,0,1,0,0,2,0
9,13,0.010948396491326975,300,1,0,1,0,0,0,0,1,0,0,0,0,2,0
12,9,-0.00012169405800143524,300,0,1,0,1,0,0,0,0,0,0,0,1,1,1
9,13,-0.0003758680821787448,300,0,1,1,0,0,0,0,0,0,0,0,1,1,1
20,17,0.0005552427851872384,100,0,1,1,0,1,0,0,0,0,0,0,0,1,1
5,14,-0.00040690514248271914,10,1,0,0,1,0,0,0,0,0,0,1,0,3,1
13,23,0.009961449145292949,75,0,1,0,1,0,0,0,0,0,0,0,1,1,0
20,10,0.00017157598740832195,100,0,1,1,0,0,0,0,0,0,0,0,1,1,1
9,3,0.00013934539966500953,10,1,0,0,1,0,0,0,0,1,0,0,0,3,1
6,18,0.010413591624518012,75,0,1,0,1,0,0,0,0,0,0,0,1,1,0
19,15,0.010006500945938954,300,1,0,1,0,0,0,0,1,0,0,0,0,2,0
3,19,0.0007277670385786584,10,1,0,0,1,0,0,0,0,0,0,1,0,3,1
8,0,0.000867671583381022,50,0,1,0,1,1,0,0,0,0,0,0,0,1,1
12,4,0.0013610845832948094,10,1,0,0,1,0,0,0,0,1,0,0,0,3,0
7,3,0.00031383367388250315,10,1,0,0,1,0,0,1,0,0,0,0,0,3,1
16,21,-0.0004275787782081413,10,1,0,0,1,0,1,0,0,0,0,0,0,3,1
14,10,0.0004645537509694439,50,0,1,0,1,1,0,0,0,0,0,0,0,1,1
15,20,0.0012412362076215926,100,0,1,1,0,0,0,0,0,0,0,0,1,1,0
14,3,-0.00011073139266292546,100,0,1,1,0,0,0,0,0,0,0,0,1,1,1
10,16,0.001357000247046046,150,0,1,0,1,0,0,0,0,0,0,0,1,1,0
2,15,0.00023761881228677242,10,1,0,0,1,0,0,1,0,0,0,0,0,3,1
7,1,0.009963585543671563,50,1,0,0,1,0,0,0,0,0,1,0,0,2,0
5,0,0.0005766031409657976,50,0,1,0,1,1,0,0,0,0,0,0,0,1,1
1,0,0.009242576387657069,75,0,1,0,1,0,0,0,0,0,0,0,1,1,0
11,1,0.00977674252396649,50,1,0,0,1,0,0,0,0,0,1,0,0,2,0
10,5,0.0004291993971617362,10,1,0,0,1,0,0,0,0,0,0,1,0,3,1
1,15,0.00010804687206510198,10,1,0,0,1,0,1,0,0,0,0,0,0,3,1
20,10,0.000377130610644006,100,0,1,1,0,1,0,0,0,0,0,0,0,1,1
4,14,8.7590462925591e-05,10,1,0,0,1,0,0,0,0,0,0,1,0,3,1
2,1,0.0001936586898644184,10,1,0,0,1,0,0,1,0,0,0,0,0,3,1
20,7,0.009558071281899434,300,1,0,1,0,0,0,0,0,0,1,0,0,2,0
3,23,0.001076862552972764,150,0,1,0,1,0,0,0,0,0,0,0,1,1,0
3,12,0.010029104359223,75,0,1,0,1,0,0,0,0,0,0,0,1,1,0
8,0,-0.0005704851489153115,300,0,1,0,1,0,0,0,0,0,0,0,1,1,1
2,0,0.00017989368017414165,100,0,1,1,0,0,0,0,0,0,0,0,1,1,1
2,19,0.00028139226318411723,300,0,1,1,0,0,0,0,0,0,0,0,1,1,1
19,15,0.0005425256215876385,10,1,0,0,1,0,0,0,0,0,0,1,0,3,1
12,3,0.0005279010260174515,10,1,0,0,1,0,1,0,0,0,0,0,0,3,1
19,21,-0.0006878346839785455,10,1,0,0,1,0,0,0,0,0,0,1,0,3,1
16,1,0.0005310874800424386,150,0,1,0,1,0,0,0,0,0,0,0,1,1,1
14,22,0.0002585176336043299,300,0,1,0,1,0,0,0,0,0,0,0,1,1,1
3,6,0.0012568929754561045,100,0,1,1,0,1,0,0,0,0,0,0,0,1,0
11,18,0.010257523843153024,50,1,0,0,1,0,0,0,0,0,1,0,0,2,0
11,6,0.01192636574532736,100,0,1,0,1,0,0,0,0,0,0,0,1,1,0
14,7,0.00028644525534658353,100,0,1,1,0,0,0,0,0,0,0,0,1,1,1
21,7,0.0005687828200902995,10,1,0,0,1,0,0,1,0,0,0,0,0,3,1
15,10,0.001477000881746601,100,0,1,1,0,0,0,0,0,0,0,0,1,1,0
20,19,0.000326695625652899,10,1,0,0,1,0,1,0,0,0,0,0,0,3,1
16,22,-0.0001566346223201728,10,1,0,0,1,0,0,1,0,0,0,0,0,3,1
4,3,0.00038048461024663377,10,1,0,0,1,0,0,0,0,0,0,1,0,3,1
11,11,0.009613587392731214,75,0,1,0,1,0,0,0,0,0,0,0,1,1,0
6,9,0.009881590696629996,50,1,0,0,1,0,0,0,0,0,1,0,0,2,0
15,23,-0.00024168177391455174,60,0,1,1,0,0,0,0,0,0,0,0,1,1,1
3,15,0.01004093706969316,300,1,0,1,0,0,0,0,1,0,0,0,0,2,0
10,10,0.0011583292833367543,300,0,1,1,0,0,0,0,0,0,0,0,1,1,0
13,2,-0.000932632596295874,10,1,0,0,1,0,0,0,0,1,0,0,0,3,1
16,9,0.010343130095187256,300,1,0,1,0,0,0,0,1,0,0,0,0,2,0
14,13,0.009193642064405174,300,1,0,1,0,0,0,0,1,0,0,0,0,2,0
1,21,0.009764034067105283,50,1,0,0,1,0,0,0,0,0,1,0,0,2,0
4,1,0.0005454752984836831,10,1,0,0,1,0,0,0,0,1,0,0,0,3,1
12,22,3.3140009547731385e-05,60,0,1,1,0,0,0,0,0,0,0,0,1,1,1
12,13,0.00046112761103534697,100,0,1,1,0,1,0,0,0,0,0,0,0,1,1
11,20,-0.0003566518546299841,100,0,1,1,0,0,0,0,0,0,0,0,1,1,1
8,22,0.00034079887446733796,100,0,1,1,0,0,0,0,0,0,0,0,1,1,1
4,4,0.009634816684141432,75,0,1,0,1,0,0,0,0,0,0,0,1,1,0
3,14,0.0011082292947909875,100,0,1,1,0,0,0,0,0,0,0,0,1,1,0
2,23,0.010022785919951907,50,1,0,0,1,0,0,0,0,0,1,0,0,2,0
10,14,0.0006741998261970915,50,0,1,0,1,1,0,0,0,0,0,0,0,1,1
12,5,0.0010729720446626628,10,1,0,0,1,0,0,0,0,0,0,1,0,3,0
22,4,0.010316959511159006,300,1,0,1,0,0,0,0,0,0,1,0,0,2,0
4,7,0.008987428706671196,50,1,0,0,1,0,0,0,0,0,1,0,0,2,0
16,8,9.422715738471383e-05,10,1,0,0,1,0,0,0,0,0,0,1,0,3,1
12,13,-0.00032989323238419397,10,1,0,0,1,0,0,0,0,0,0,1,0,3,1
2,21,0.000427216667398112,60,0,1,1,0,0,0,0,0,0,0,0,1,1,1
7,23,-0.0003952603692163503,300,0,1,0,1,0,0,0,0,0,0,0,1,1,1
18,10,0.0009426317792665505,100,0,1,1,0,1,0,0,0,0,0,0,0,1,1
2,13,0.0012524936394902285,150,0,1,0,1,0,0,0,0,0,0,0,1,1,0
21,0,0.01043287759708506,300,1,0,1,0,0,0,0,1,0,0,0,0,2,0
12,1,-0.0005991482035278881,100,0,1,1,0,0,0,0,0,0,0,0,1,1,1
15,8,-0.0001662506179204742,10,1,0,0,1,0,0,0,0,0,0,1,0,3,1
7,23,0.009762527344419522,300,1,0,1,0,0,0,0,1,0,0,0,0,2,0
17,9,-0.00032566461628685594,300,0,1,0,1,0,0,0,0,0,0,0,1,1,1
8,20,0.0018827271201405484,50,1,0,1,0,0,0,1,0,0,0,0,0,2,0
8,3,0.0012024908554804778,50,1,0,1,0,0,0,1,0,0,0,0,0,2,0
2,2,-0.0006294419771675226,300,0,1,0,1,0,0,0,0,0,0,0,1,1,1
18,1,0.0004599309735273881,300,0,1,1,0,0,0,0,0,0,0,0,1,1,1
4,14,0.002061078098506317,100,0,1,1,0,1,0,0,0,0,0,0,0,1,0
11,21,0.0015162326302755734,50,1,0,1,0,0,0,1,0,0,0,0,0,2,0
8,14,-0.0007586849829770067,300,0,1,1,0,0,0,0,0,0,0,0,1,1,1
12,17,-0.0002411170364331257,60,0,1,1,0,0,0,0,0,0,0,0,1,1,1
18,12,0.0006344555745933114,300,0,1,0,1,0,0,0,0,0,0,0,1,1,1
1,8,-0.0003528347328093904,300,0,1,0,1,0,0,0,0,0,0,0,1,1,1
6,6,0.0012219097140731142,50,1,0,1,0,0,0,1,0,0,0,0,0,2,0
22,9,0.0003883170267146684,10,1,0,0,1,0,1,0,0,0,0,0,0,3,1
19,5,0.0005365347642109586,50,1,0,1,0,0,0,1,0,0,0,0,0,2,1
18,18,0.0009702373219691,50,0,1,0,1,1,0,0,0,0,0,0,0,1,1
6,15,-0.0006206336700345363,150,0,1,0,1,0,0,0,0,0,0,0,1,1,1
12,5,-0.0005111938206671449,10,1,0,0,1,0,0,1,0,0,0,0,0,3,1
22,6,0.0008737159243034199,50,1,0,1,0,0,0,1,0,0,0,0,0,2,1
13,23,0.009376108409017576,100,0,1,0,1,0,0,0,0,0,0,0,1,1,0
10,14,0.0008172056519658177,10,1,0,0,1,0,0,1,0,0,0,0,0,3,1
14,18,0.009284929311019683,50,1,0,0,1,0,0,0,0,0,1,0,0,2,0
2,13,0.009779977756651508,50,1,0,0,1,0,0,0,0,0,1,0,0,2,0
11,4,0.0010653702886430456,100,0,1,1,0,1,0,0,0,0,0,0,0,1,0
10,11,0.0007216366445330578,100,0,1,1,0,0,0,0,0,0,0,0,1,1,1
3,18,0.00928206892441028,75,0,1,0,1,0,0,0,0,0,0,0,1,1,0
2,9,0.0005825818760774799,100,0,1,1,0,0,0,0,0,0,0,0,1,1,1
11,12,0.0010051165305097936,100,0,1,1,0,0,0,0,0,0,0,0,1,1,0
16,7,-0.0004897543255239754,10,1,0,0,1,0,0,0,0,1,0,0,0,3,1
3,2,0.00023205173713163537,10,1,0,0,1,0,1,0,0,0,0,0,0,3,1
16,3,0.00010052984778673502,300,0,1,0,1,0,0,0,0,0,0,0,1,1,1
6,2,0.0006998915614206027,50,1,0,1,0,0,0,1,0,0,0,0,0,2,1
19,22,3.590104249500946e-05,10,1,0,0,1,0,1,0,0,0,0,0,0,3,1
9,20,0.00080734320156912,50,1,0,1,0,0,0,1,0,0,0,0,0,2,1
18,4,5.775867262562402e-05,300,0,1,0,1,0,0,0,0,0,0,0,1,1,1
15,17,0.010331065337260524,300,1,0,1,0,0,0,0,1,0,0,0,0,2,0
10,10,0.001793008408072676,100,0,1,1,0,0,0,0,0,0,0,0,1,1,0
13,3,0.009381092250586576,100,0,1,0,1,0,0,0,0,0,0,0,1,1,0
5,4,0.0010675166873281333,10,1,0,0,1,0,1,0,0,0,0,0,0,3,0
8,21,-0.000975043899761251,300,0,1,1,0,0,0,0,0,0,0,0,1,1,1
6,7,0.00992410745248221,50,1,0,0,1,0,0,0,0,0,1,0,0,2,0
19,12,0.00029515860324228827,300,0,1,0,1,0,0,0,0,0,0,0,1,1,1
15,12,0.00014149593386751633,10,1,0,0,1,0,0,0,0,1,0,0,0,3,1
5,8,-0.00031034975991029687,60,0,1,1,0,0,0,0,0,0,0,0,1,1,1
20,6,-0.00010306112517863762,10,1,0,0,1,0,0,0,0,0,0,1,0,3,1
20,5,0.009753499532670584,100,0,1,0,1,0,0,0,0,0,0,0,1,1,0
11,7,0.0007053176215278943,50,1,0,1,0,0,0,1,0,0,0,0,0,2,1
4,9,0.00042580104851051235,10,1,0,0,1,0,0,0,0,1,0,0,0,3,1
19,11,0.0011785077429825237,50,1,0,1,0,0,0,1,0,0,0,0,0,2,0
14,11,0.009653545202369673,50,1,0,0,1,0,0,0,0,0,1,0,0,2,0
13,2,0.00045079993771662537,300,0,1,1,0,0,0,0,0,0,0,0,1,1,1
18,0,0.010153649760438305,300,1,0,1,0,0,0,0,0,0,1,0,0,2,0
1,18,0.00040743105941948006,300,0,1,0,1,0,0,0,0,0,0,0,1,1,1
13,11,0.010314814420961806,100,0,1,0,1,0,0,0,0,0,0,0,1,1,0
2,13,-0.0004134975054610361,10,1,0,0,1,0,0,1,0,0,0,0,0,3,1
7,23,-0.00027909052009848475,300,0,1,0,1,0,0,0,0,0,0,0,1,1,1
6,19,0.010373646802561632,300,1,0,1,0,0,0,0,0,0,1,0,0,2,0
15,5,0.00030618513271673246,10,1,0,0,1,0,0,0,0,0,0,1,0,3,1
16,12,-9.450796982074065e-06,10,1,0,0,1,0,1,0,0,0,0,0,0,3,1
19,4,5.9663691654390995e-05,10,1,0,0,1,0,0,0,0,1,0,0,0,3,1
9,21,0.0016388324478942124,50,0,1,0,1,1,0,0,0,0,0,0,0,1,0
3,6,0.0007042143055820851,100,0,1,1,0,0,0,0,0,0,0,0,1,1,1
7,19,0.00027454869058501897,60,0,1,1,0,0,0,0,0,0,0,0,1,1,1
19,19,-0.00010009632621694704,10,1,0,0,1,0,0,0,0,1,0,0,0,3,1
8,15,0.00989115939838639,300,1,0,1,0,0,0,0,1,0,0,0,0,2,0
12,16,0.010549388425993594,300,1,0,1,0,0,0,0,0,0,1,0,0,2,0
21,2,0.00041370817449401493,10,1,0,0,1,0,0,0,0,1,0,0,0,3,1
10,0,0.01040675481800032,300,1,0,1,0,0,0,0,1,0,0,0,0,2,0
12,17,0.0016527394035771646,100,0,1,1,0,1,0,0,0,0,0,0,0,1,0
9,18,1.1501920816379525e-05,60,0,1,1,0,0,0,0,0,0,0,0,1,1,1
18,6,0.000341976485647482,60,0,1,1,0,0,0,0,0,0,0,0,1,1,1
3,16,0.009844866621703273,50,1,0,0,1,0,0,0,0,0,1,0,0,2,0
6,13,0.00016308317624422105,100,0,1,1,0,0,0,0,0,0,0,0,1,1,1
20,13,0.0009349284728161578,100,0,1,1,0,1,0,0,0,0,0,0,0,1,1
20,0,0.010048497982496359,300,1,0,1,0,0,0,0,1,0,0,0,0,2,0
8,11,0.00029857851271845686,60,0,1,1,0,0,0,0,0,0,0,0,1,1,1
3,9,0.0005908896583832637,50,0,1,0,1,1,0,0,0,0,0,0,0,1,1
1,21,0.00104719363784273,10,1,0,0,1,0,0,0,0,1,0,0,0,3,0
11,14,-0.000502008690749851,10,1,0,0,1,0,0,0,0,0,0,1,0,3,1
5,17,-0.0006060943063938661,10,1,0,0,1,0,1,0,0,0,0,0,0,3,1
2,17,0.0005800554367500339,10,1,0,0,1,0,0,1,0,0,0,0,0,3,1
10,2,0.010395831346981467,100,0,1,0,1,0,0,0,0,0,0,0,1,1,0
11,20,0.010312059908526077,100,0,1,0,1,0,0,0,0,0,0,0,1,1,0
11,5,0.00131417275463214,100,0,1,1,0,1,0,0,0,0,0,0,0,1,0
3,23,0.0009938766135765427,100,0,1,1,0,1,0,0,0,0,0,0,0,1,1
15,8,0.009551372814257084,100,0,1,0,1,0,0,0,0,0,0,0,1,1,0
8,20,0.0010379022790968633,150,0,1,0,1,0,0,0,0,0,0,0,1,1,0
9,5,0.0006614191442439442,150,0,1,0,1,0,0,0,0,0,0,0,1,1,1
8,7,0.0014875598667088755,50,0,1,0,1,1,0,0,0,0,0,0,0,1,0
8,19,0.0009264713092489307,50,0,1,0,1,1,0,0,0,0,0,0,0,1,1
9,14,-0.00041174859839625575,100,0,1,1,0,0,0,0,0,0,0,0,1,1,1
19,9,-0.00015969292082649672,300,0,1,0,1,0,0,0,0,0,0,0,1,1,1
9,15,0.00020746572713781217,10,1,0,0,1,0,1,0,0,0,0,0,0,3,1
13,13,-0.00028086227640198734,10,1,0,0,1,0,0,1,0,0,0,0,0,3,1
4,3,0.009588889802216784,50,1,0,0,1,0,0,0,0,0,1,0,0,2,0
11,10,0.010121843605745957,300,1,0,1,0,0,0,0,1,0,0,0,0,2,0
6,23,0.0011224832855543615,50,1,0,1,0,0,0,1,0,0,0,0,0,2,0
17,23,0.009746528412314435,75,0,1,0,1,0,0,0,0,0,0,0,1,1,0
6,11,-0.00023451915280916138,10,1,0,0,1,0,1,0,0,0,0,0,0,3,1
10,17,0.00011702496867881814,10,1,0,0,1,0,1,0,0,0,0,0,0,3,1
17,6,-0.0007230421707486621,10,1,0,0,1,0,0,0,0,1,0,0,0,3,1
3,5,-0.0007027318871882777,10,1,0,0,1,0,0,0,0,1,0,0,0,3,1
15,11,0.000640777889373782,150,0,1,0,1,0,0,0,0,0,0,0,1,1,1
9,11,0.0008932764241440763,50,1,0,1,0,0,0,1,0,0,0,0,0,2,1
10,17,0.0011554537827990023,100,0,1,1,0,1,0,0,0,0,0,0,0,1,0
12,5,0.001737678108474776,50,1,0,1,0,0,0,1,0,0,0,0,0,2,0
5,14,0.01042882981160101,300,1,0,1,0,0,0,0,1,0,0,0,0,2,0
19,3,0.009920030735018287,300,1,0,1,0,0,0,0,1,0,0,0,0,2,0
13,5,0.009990491896048656,50,1,0,0,1,0,0,0,0,0,1,0,0,2,0
20,9,-0.0005002646823189044,100,0,1,1,0,0,0,0,0,0,0,0,1,1,1
20,17,-8.256567996194964e-06,10,1,0,0,1,0,0,0,0,1,0,0,0,3,1
22,3,0.00985567068053993,300,1,0,1,0,0,0,0,1,0,0,0,0,2,0
18,11,0.010161359280169044,300,1,0,1,0,0,0,0,1,0,0,0,0,2,0
7,2,0.0005863845282238385,100,0,1,1,0,0,0,0,0,0,0,0,1,1,1
19,6,0.00026067325712058616,100,0,1,1,0,0,0,0,0,0,0,0,1,1,1
1,0,0.0007673694565012889,60,0,1,1,0,0,0,0,0,0,0,0,1,1,1
17,6,-5.3380074228428804e-05,10,1,0,0,1,0,1,0,0,0,0,0,0,3,1
2,9,0.010200855861049471,300,1,0,1,0,0,0,0,0,0,1,0,0,2,0
8,13,0.010345071995855557,300,1,0,1,0,0,0,0,0,0,1,0,0,2,0
8,0,0.0007993897640570819,100,0,1,1,0,0,0,0,0,0,0,0,1,1,1
4,6,0.0011120462409052083,50,1,0,1,0,0,0,1,0,0,0,0,0,2,0
13,21,7.29620039089743e-06,10,1,0,0,1,0,0,0,0,0,0,1,0,3,1
5,1,0.010048838049274415,100,0,1,0,1,0,0,0,0,0,0,0,1,1,0
16,4,-0.0003855048919277332,10,1,0,0,1,0,0,0,0,0,0,1,0,3,1
7,18,1.3255087129471358e-05,60,0,1,1,0,0,0,0,0,0,0,0,1,1,1
10,20,0.010248999145622726,50,1,0,0,1,0,0,0,0,0,1,0,0,2,0
9,19,0.0007265718038975209,100,0,1,1,0,0,0,0,0,0,0,0,1,1,1
2,7,0.00048063541304260347,10,1,0,0,1,0,1,0,0,0,0,0,0,3,1
17,11,0.0020765912287557782,100,0,1,1,0,0,0,0,0,0,0,0,1,1,0
5,23,-0.0003826737814440247,10,1,0,0,1,0,0,1,0,0,0,0,0,3,1
19,0,0.001436160318360339,50,1,0,1,0,0,0,1,0,0,0,0,0,2,0
10,21,0.0010916710028691758,50,0,1,0,1,1,0,0,0,0,0,0,0,1,0
14,16,0.011094901466608836,50,1,0,0,1,0,0,0,0,0,1,0,0,2,0
4,5,0.0005958508573224243,50,0,1,0,1,1,0,0,0,0,0,0,0,1,1
6,11,-0.000418860921090388,10,1,0,0,1,0,1,0,0,0,0,0,0,3,1
14,22,0.0007003036772779889,150,0,1,0,1,0,0,0,0,0,0,0,1,1,1
11,13,-0.0010609478621549035,300,0,1,0,1,0,0,0,0,0,0,0,1,1,1
13,13,0.0007371224891596195,50,1,0,1,0,0,0,1,0,0,0,0,0,2,1
14,1,-0.00037856633077684894,300,0,1,0,1,0,0,0,0,0,0,0,1,1,1
15,4,7.619689323810382e-05,10,1,0,0,1,0,0,1,0,0,0,0,0,3,1
20,17,0.01017087798788858,50,1,0,0,1,0,0,0,0,0,1,0,0,2,0
15,8,0.0009390854196079432,300,0,1,1,0,0,0,0,0,0,0,0,1,1,1
5,11,0.00047621191909302514,300,0,1,0,1,0,0,0,0,0,0,0,1,1,1
13,13,0.009711548172168799,300,1,0,1,0,0,0,0,0,0,1,0,0,2,0
6,4,0.00955079266432582,50,1,0,0,1,0,0,0,0,0,1,0,0,2,0
16,8,0.010245959585753254,50,1,0,0,1,0,0,0,0,0,1,0,0,2,0
12,11,0.00933988339648968,100,0,1,0,1,0,0,0,0,0,0,0,1,1,0
2,14,0.0009167293829271769,300,0,1,0,1,0,0,0,0,0,0,0,1,1,1
20,5,0.0005907200603606435,10,1,0,0,1,0,1,0,0,0,0,0,0,3,1
3,18,0.009765412173947647,300,1,0,1,0,0,0,0,0,0,1,0,0,2,0
15,10,0.009143432735454562,300,1,0,1,0,0,0,0,1,0,0,0,0,2,0
1,8,0.010676936187082707,50,1,0,0,1,0,0,0,0,0,1,0,0,2,0
9,4,0.009942730077373691,100,0,1,0,1,0,0,0,0,0,0,0,1,1,0
14,2,0.0006199081559867309,10,1,0,0,1,0,0,1,0,0,0,0,0,3,1
4,22,-0.0007962138293971836,300,0,1,0,1,0,0,0,0,0,0,0,1,1,1
9,7,0.0007003124885231136,100,0,1,1,0,1,0,0,0,0,0,0,0,1,1
1,9,3.6218498590915832e-06,300,0,1,0,1,0,0,0,0,0,0,0,1,1,1
7,17,2.449029688237103e-05,10,1,0,0,1,0,1,0,0,0,0,0,0,3,1
8,12,-0.00022403273573962183,10,1,0,0,1,0,0,0,0,1,0,0,0,3,1
3,13,0.0013114249661737493,100,0,1,1,0,1,0,0,0,0,0,0,0,1,0
21,5,-0.0005328102146912972,10,1,0,0,1,0,1,0,0,0,0,0,0,3,1
7,23,-7.018974251064675e-05,10,1,0,0,1,0,1,0,0,0,0,0,0,3,1
19,19,6.114781585594944e-05,10,1,0,0,1,0,0,0,0,0,0,1,0,3,1
17,5,0.0012572194170293745,50,1,0,1,0,0,0,1,0,0,0,0,0,2,0
4,15,0.010355807439044445,75,0,1,0,1,0,0,0,0,0,0,0,1,1,0
3,11,-0.0005613210459189346,10,1,0,0,1,0,0,0,0,0,0,1,0,3,1
1,19,-0.0007660570853678111,10,1,0,0,1,0,0,1,0,0,0,0,0,3,1
2,23,0.0006398384109492545,10,1,0,0,1,0,0,0,0,1,0,0,0,3,1
2,20,0.00016715700598979582,300,0,1,0,1,0,0,0,0,0,0,0,1,1,1
6,5,0.0006257567317217232,50,1,0,1,0,0,0,1,0,0,0,0,0,2,1
10,17,0.010775575987761262,75,0,1,0,1,0,0,0,0,0,0,0,1,1,0
10,21,0.010057837317146429,100,0,1,0,1,0,0,0,0,0,0,0,1,1,0
12,13,0.0005906485920319132,10,1,0,0,1,0,1,0,0,0,0,0,0,3,1
9,2,3.475924070505447e-05,300,0,1,1,0,0,0,0,0,0,0,0,1,1,1
12,5,0.0010313739624409936,10,1,0,0,1,0,0,1,0,0,0,0,0,3,0
10,10,0.0008786704212216022,10,1,0,0,1,0,1,0,0,0,0,0,0,3,1
10,7,0.009875517925760463,100,0,1,0,1,0,0,0,0,0,0,0,1,1,0
5,16,0.00048678547547717775,300,0,1,1,0,0,0,0,0,0,0,0,1,1,1
11,3,0.00032368797479257383,10,1,0,0,1,0,1,0,0,0,0,0,0,3,1
10,10,0.0016843157787661744,100,0,1,1,0,0,0,0,0,0,0,0,1,1,0
13,16,-0.0004814617302900522,300,0,1,0,1,0,0,0,0,0,0,0,1,1,1
8,6,0.0003440257299992197,10,1,0,0,1,0,0,1,0,0,0,0,0,3,1
2,21,0.010529212243424794,300,1,0,1,0,0,0,0,0,0,1,0,0,2,0
15,16,-0.0008783697432115571,60,0,1,1,0,0,0,0,0,0,0,0,1,1,1
14,3,0.009408370743667113,300,1,0,1,0,0,0,0,1,0,0,0,0,2,0
18,22,-0.0010186160888800504,10,1,0,0,1,0,0,0,0,0,0,1,0,3,1
20,12,-0.00013370341722227888,300,0,1,1,0,0,0,0,0,0,0,0,1,1,1
11,9,0.0013587711278979812,150,0,1,0,1,0,0,0,0,0,0,0,1,1,0
19,2,0.0007521785260480141,10,1,0,0,1,0,0,0,0,1,0,0,0,3,1
19,5,0.010037047390209887,100,0,1,0,1,0,0,0,0,0,0,0,1,1,0
6,1,0.010814307772785647,300,1,0,1,0,0,0,0,1,0,0,0,0,2,0
20,14,0.0003099492708925543,100,0,1,1,0,0,0,0,0,0,0,0,1,1,1
6,20,0.009148308780322422,100,0,1,0,1,0,0,0,0,0,0,0,1,1,0
2,18,0.009972226150551692,300,1,0,1,0,0,0,0,0,0,1,0,0,2,0
4,7,0.0011920327244696537,150,0,1,0,1,0,0,0,0,0,0,0,1,1,0
1,19,-1.5347374047046555e-05,300,0,1,1,0,0,0,0,0,0,0,0,1,1,1
3,2,-0.0010327210500199384,10,1,0,0,1,0,0,1,0,0,0,0,0,3,1
19,15,0.0009554399802436058,100,0,1,1,0,1,0,0,0,0,0,0,0,1,1
10,7,-0.0006512347502524266,300,0,1,0,1,0,0,0,0,0,0,0,1,1,1
9,4,0.00033583627441501925,300,0,1,0,1,0,0,0,0,0,0,0,1,1,1
14,15,0.0011832991230484242,150,0,1,0,1,0,0,0,0,0,0,0,1,1,0
15,13,0.009530060106836323,300,1,0,1,0,0,0,0,1,0,0,0,0,2,0
3,7,0.0007430665413316532,100,0,1,1,0,1,0,0,0,0,0,0,0,1,1
11,3,0.00047039323905552423,150,0,1,0,1,0,0,0,0,0,0,0,1,1,1
16,17,0.0009686604513634141,50,0,1,0,1,1,0,0,0,0,0,0,0,1,1
1,9,0.0014775711602506192,50,0,1,0,1,1,0,0,0,0,0,0,0,1,0
11,16,-0.0004918630231677719,300,0,1,1,0,0,0,0,0,0,0,0,1,1,1
6,11,0.00025302325775892223,10,1,0,0,1,0,1,0,0,0,0,0,0,3,1
9,6,0.00973487119081378,75,0,1,0,1,0,0,0,0,0,0,0,1,1,0
16,2,-0.0003954364161311721,100,0,1,1,0,0,0,0,0,0,0,0,1,1,1
17,22,0.009946484820022722,300,1,0,1,0,0,0,0,0,0,1,0,0,2,0
17,7,0.0004823788387903129,150,0,1,0,1,0,0,0,0,0,0,0,1,1,1
20,22,0.00972317534732641,300,1,0,1,0,0,0,0,1,0,0,0,0,2,0
5,0,-0.0005979389462944242,10,1,0,0,1,0,0,0,0,1,0,0,0,3,1
7,9,0.0009833625664581946,10,1,0,0,1,0,0,0,0,1,0,0,0,3,1
17,12,0.010017631775985865,300,1,0,1,0,0,0,0,0,0,1,0,0,2,0
10,21,-0.0003488627539962928,10,1,0,0,1,0,1,0,0,0,0,0,0,3,1
18,23,0.00010798995536711101,60,0,1,1,0,0,0,0,0,0,0,0,1,1,1
18,2,-5.516402484541491e-05,300,0,1,0,1,0,0,0,0,0,0,0,1,1,1
20,5,0.009889515200233389,300,1,0,1,0,0,0,0,1,0,0,0,0,2,0
14,7,0.0013070833500217127,150,0,1,0,1,0,0,0,0,0,0,0,1,1,0
16,14,0.0003797538550236526,10,1,0,0,1,0,0,0,0,1,0,0,0,3,1
12,11,0.009734749426194737,300,1,0,1,0,0,0,0,0,0,1,0,0,2,0
1,18,-0.00028690912032234,10,1,0,0,1,0,0,1,0,0,0,0,0,3,1
10,14,0.009862474151424178,75,0,1,0,1,0,0,0,0,0,0,0,1,1,0
3,3,-0.0011499605823677924,10,1,0,0,1,0,0,0,0,0,0,1,0,3,1
18,2,0.009242404468900725,300,1,0,1,0,0,0,0,0,0,1,0,0,2,0
8,21,0.0006844371337222624,300,0,1,0,1,0,0,0,0,0,0,0,1,1,1
19,12,0.001822483856750642,50,1,0,1,0,0,0,1,0,0,0,0,0,2,0
20,4,0.0008754819802218108,100,0,1,1,0,1,0,0,0,0,0,0,0,1,1
7,15,0.00028927848152788323,10,1,0,0,1,0,0,0,0,1,0,0,0,3,1
2,4,0.0011556250772717682,50,1,0,1,0,0,0,1,0,0,0,0,0,2,0
10,14,0.0015404404042276187,300,0,1,1,0,0,0,0,0,0,0,0,1,1,0
4,15,0.0015597874557172885,150,0,1,0,1,0,0,0,0,0,0,0,1,1,0
3,16,0.0009360412042596168,100,0,1,1,0,0,0,0,0,0,0,0,1,1,1
20,12,-0.00047677022030021286,10,1,0,0,1,0,1,0,0,0,0,0,0,3,1
18,4,0.009196776839871214,300,1,0,1,0,0,0,0,0,0,1,0,0,2,0
18,6,0.00010273181793361155,100,0,1,1,0,0,0,0,0,0,0,0,1,1,1
18,3,0.009621824627357849,75,0,1,0,1,0,0,0,0,0,0,0,1,1,0
7,1,0.00028887314520116287,100,0,1,1,0,0,0,0,0,0,0,0,1,1,1
10,16,0.0006767135578787367,50,1,0,1,0,0,0,1,0,0,0,0,0,2,1
2,14,0.009459225998192803,300,1,0,1,0,0,0,0,1,0,0,0,0,2,0
4,21,0.0008445708175362824,10,1,0,0,1,0,0,1,0,0,0,0,0,3,1
11,1,0.0004418198784747253,100,0,1,1,0,0,0,0,0,0,0,0,1,1,1
1,23,0.009996013679341692,100,0,1,0,1,0,0,0,0,0,0,0,1,1,0
2,17,0.000740972069445013,300,0,1,0,1,0,0,0,0,0,0,0,1,1,1
14,12,3.968415382380915e-05,10,1,0,0,1,0,0,1,0,0,0,0,0,3,1
5,18,-0.0004296421006641318,10,1,0,0,1,0,1,0,0,0,0,0,0,3,1
10,3,0.0007625620386348287,300,0,1,0,1,0,0,0,0,0,0,0,1,1,1
20,1,0.01026945502184233,50,1,0,0,1,0,0,0,0,0,1,0,0,2,0
11,22,0.0004813769228367718,100,0,1,1,0,0,0,0,0,0,0,0,1,1,1
7,11,-9.41693390418041e-05,100,0,1,1,0,0,0,0,0,0,0,0,1,1,1
10,15,0.009562190873307622,75,0,1,0,1,0,0,0,0,0,0,0,1,1,0
8,3,-0.000690399865482168,10,1,0,0,1,0,0,0,0,0,0,1,0,3,1
10,23,0.010463088773765821,100,0,1,0,1,0,0,0,0,0,0,0,1,1,0
19,19,0.010954708320235065,300,1,0,1,0,0,0,0,1,0,0,0,0,2,0
6,11,0.00030071621309042944,100,0,1,1,0,0,0,0,0,0,0,0,1,1,1
16,0,0.00028248461834528546,60,0,1,1,0,0,0,0,0,0,0,0,1,1,1
18,8,-0.00032432128456091343,300,0,1,0,1,0,0,0,0,0,0,0,1,1,1
17,19,-0.00024256269188234803,10,1,0,0,1,0,1,0,0,0,0,0,0,3,1
13,11,-0.0002951969621194346,10,1,0,0,1,0,0,0,0,1,0,0,0,3,1
5,6,0.000568004615160092,100,0,1,1,0,1,0,0,0,0,0,0,0,1,1
13,17,0.010024260813972414,100,0,1,0,1,0,0,0,0,0,0,0,1,1,0
13,14,-0.0004144750582055189,10,1,0,0,1,0,1,0,0,0,0,0,0,3,1
8,3,0.0001362284128899194,10,1,0,0,1,0,0,1,0,0,0,0,0,3,1
1,13,-2.4119054724568475e-05,300,0,1,1,0,0,0,0,0,0,0,0,1,1,1
18,20,0.0008805259765667952,150,0,1,0,1,0,0,0,0,0,0,0,1,1,1
22,19,-0.0004527818310207989,10,1,0,0,1,0,0,0,0,0,0,1,0,3,1
6,4,-0.0002873856652841663,10,1,0,0,1,0,0,1,0,0,0,0,0,3,1
9,7,0.001377695612912878,150,0,1,0,1,0,0,0,0,0,0,0,1,1,0
8,9,0.0012504585938121905,150,0,1,0,1,0,0,0,0,0,0,0,1,1,0
1,5,-0.00048777762239927546,60,0,1,1,0,0,0,0,0,0,0,0,1,1,1
18,23,0.001049666152714613,100,0,1,1,0,1,0,0,0,0,0,0,0,1,0
16,10,0.00037669356168589457,300,0,1,1,0,0,0,0,0,0,0,0,1,1,1
6,7,0.00016529735943931415,50,0,1,0,1,1,0,0,0,0,0,0,0,1,1
4,2,0.00027268009618996753,60,0,1,1,0,0,0,0,0,0,0,0,1,1,1
18,17,0.0006686881205270767,50,0,1,0,1,1,0,0,0,0,0,0,0,1,1
12,12,0.0002862993342965797,300,0,1,1,0,0,0,0,0,0,0,0,1,1,1
13,22,0.0006183704217287416,100,0,1,1,0,0,0,0,0,0,0,0,1,1,1
3,6,-0.0009014410503322595,300,0,1,0,1,0,0,0,0,0,0,0,1,1,1
22,3,-0.0008127712189415813,10,1,0,0,1,0,1,0,0,0,0,0,0,3,1
3,5,0.001024042473330691,50,0,1,0,1,1,0,0,0,0,0,0,0,1,0
16,0,0.001129861250860741,150,0,1,0,1,0,0,0,0,0,0,0,1,1,0
6,18,0.0005478416874477957,50,0,1,0,1,1,0,0,0,0,0,0,0,1,1
4,1,0.000320296229388687,300,0,1,0,1,0,0,0,0,0,0,0,1,1,1
4,19,-0.0008297600311344799,60,0,1,1,0,0,0,0,0,0,0,0,1,1,1
11,3,0.0009669601006763417,50,0,1,0,1,1,0,0,0,0,0,0,0,1,1
4,20,-0.0006045080998812283,60,0,1,1,0,0,0,0,0,0,0,0,1,1,1
1,9,0.00967408194609892,100,0,1,0,1,0,0,0,0,0,0,0,1,1,0
13,9,2.4699335658207008e-05,10,1,0,0,1,0,0,0,0,0,0,1,0,3,1
10,20,-0.00042920668264197616,10,1,0,0,1,0,0,1,0,0,0,0,0,3,1
12,1,-0.00019127777211491267,10,1,0,0,1,0,1,0,0,0,0,0,0,3,1
20,22,0.01050314640460722,50,1,0,0,1,0,0,0,0,0,1,0,0,2,0
18,19,-0.00028744593476157435,100,0,1,1,0,0,0,0,0,0,0,0,1,1,1
22,12,0.00041884605603257095,10,1,0,0,1,0,0,0,0,1,0,0,0,3,1
1,7,0.00043514657267119093,100,0,1,1,0,1,0,0,0,0,0,0,0,1,1
8,8,0.0012649020889576414,50,1,0,1,0,0,0,1,0,0,0,0,0,2,0
17,13,0.0007217843103289502,10,1,0,0,1,0,1,0,0,0,0,0,0,3,1
1,7,-0.0002358222500636446,150,0,1,0,1,0,0,0,0,0,0,0,1,1,1
3,18,-0.0003974476277352384,10,1,0,0,1,0,0,1,0,0,0,0,0,3,1
9,10,0.00028953606359027005,300,0,1,1,0,0,0,0,0,0,0,0,1,1,1
9,11,0.0008984773069785037,50,0,1,0,1,1,0,0,0,0,0,0,0,1,1
12,21,0.0011855729366856544,50,0,1,0,1,1,0,0,0,0,0,0,0,1,0
11,11,-0.00030099259335791026,10,1,0,0,1,0,0,0,0,0,0,1,0,3,1
6,19,4.429489373644995e-05,10,1,0,0,1,0,0,0,0,0,0,1,0,3,1
2,16,-7.683861769603974e-05,300,0,1,1,0,0,0,0,0,0,0,0,1,1,1
18,15,0.0005848910308299038,10,1,0,0,1,0,0,0,0,1,0,0,0,3,1
5,3,0.010127210421650606,300,1,0,1,0,0,0,0,1,0,0,0,0,2,0
14,13,0.001168801331037601,50,1,0,1,0,0,0,1,0,0,0,0,0,2,0
15,8,0.009794061516938766,300,1,0,1,0,0,0,0,0,0,1,0,0,2,0
8,17,0.009756196887963753,300,1,0,1,0,0,0,0,1,0,0,0,0,2,0
16,23,-0.00021527909390981045,60,0,1,1,0,0,0,0,0,0,0,0,1,1,1
17,9,0.00019822607118914843,60,0,1,1,0,0,0,0,0,0,0,0,1,1,1
5,16,-0.00020949224041013148,10,1,0,0,1,0,0,0,0,1,0,0,0,3,1
11,10,0.00014588742844820645,10,1,0,0,1,0,1,0,0,0,0,0,0,3,1
18,4,0.0010387003993227192,10,1,0,0,1,0,0,0,0,0,0,1,0,3,0
5,16,0.0014355623517158462,100,0,1,1,0,0,0,0,0,0,0,0,1,1,0
11,8,0.009836988233916079,75,0,1,0,1,0,0,0,0,0,0,0,1,1,0
14,5,0.010600606961081973,75,0,1,0,1,0,0,0,0,0,0,0,1,1,0
6,22,-0.0002030376865107757,300,0,1,1,0,0,0,0,0,0,0,0,1,1,1
16,4,-0.001018062267588927,300,0,1,0,1,0,0,0,0,0,0,0,1,1,1
1,4,0.009495956844541298,50,1,0,0,1,0,0,0,0,0,1,0,0,2,0
1,12,-0.0009343959605129278,60,0,1,1,0,0,0,0,0,0,0,0,1,1,1
17,5,-0.00017475674202065434,100,0,1,1,0,0,0,0,0,0,0,0,1,1,1
10,3,0.010009209189594775,300,1,0,1,0,0,0,0,0,0,1,0,0,2,0
12,15,0.0018382186561376414,50,1,0,1,0,0,0,1,0,0,0,0,0,2,0
5,23,0.0011634636868820814,100,0,1,1,0,1,0,0,0,0,0,0,0,1,0
15,15,0.0008904497355955679,50,1,0,1,0,0,0,1,0,0,0,0,0,2,1
10,20,0.00041570279059174463,10,1,0,0,1,0,0,0,0,0,0,1,0,3,1
15,0,-0.0011045676545039427,300,0,1,0,1,0,0,0,0,0,0,0,1,1,1
19,13,0.001117807279054283,50,0,1,0,1,1,0,0,0,0,0,0,0,1,0
19,12,0.0013854325969434834,50,1,0,1,0,0,0,1,0,0,0,0,0,2,0
6,12,-0.0007382931228899208,300,0,1,0,1,0,0,0,0,0,0,0,1,1,1
4,23,0.0005728770216034645,60,0,1,1,0,0,0,0,0,0,0,0,1,1,1
5,0,0.0011692482037472072,50,1,0,1,0,0,0,1,0,0,0,0,0,2,0
18,11,0.009792356043049599,75,0,1,0,1,0,0,0,0,0,0,0,1,1,0
17,19,0.0003173909330531425,60,0,1,1,0,0,0,0,0,0,0,0,1,1,1
13,21,0.001136346428902198,300,0,1,1,0,0,0,0,0,0,0,0,1,1,0
17,4,9.193312752924758e-05,10,1,0,0,1,0,1,0,0,0,0,0,0,3,1
7,3,0.010124110293150168,50,1,0,0,1,0,0,0,0,0,1,0,0,2,0
17,18,0.0007703195502298779,50,0,1,0,1,1,0,0,0,0,0,0,0,1,1
4,8,0.0005750778152676041,50,1,0,1,0,0,0,1,0,0,0,0,0,2,1
20,19,0.010415167908272124,300,1,0,1,0,0,0,0,0,0,1,0,0,2,0
11,7,0.009571958087045567,50,1,0,0,1,0,0,0,0,0,1,0,0,2,0
7,15,3.678311860969623e-05,10,1,0,0,1,0,0,0,0,0,0,1,0,3,1
20,23,-0.00023782872338255835,10,1,0,0,1,0,0,0,0,1,0,0,0,3,1
1,4,0.00024048991287319593,10,1,0,0,1,0,0,0,0,1,0,0,0,3,1
11,4,0.00016783105264347415,300,0,1,0,1,0,0,0,0,0,0,0,1,1,1
1,7,0.0005197699721289496,10,1,0,0,1,0,0,1,0,0,0,0,0,3,1
11,11,0.009744991800572627,300,1,0,1,0,0,0,0,1,0,0,0,0,2,0
2,22,0.0008650625323533144,100,0,1,1,0,1,0,0,0,0,0,0,0,1,1
12,18,-0.0004883818578911537,10,1,0,0,1,0,0,0,0,1,0,0,0,3,1
2,9,0.0007778533699619442,50,0,1,0,1,1,0,0,0,0,0,0,0,1,1
18,21,0.0001896502465224261,10,1,0,0,1,0,0,0,0,0,0,1,0,3,1
8,15,0.001378494308322676,150,0,1,0,1,0,0,0,0,0,0,0,1,1,0
11,3,0.009538917337911188,100,0,1,0,1,0,0,0,0,0,0,0,1,1,0
17,8,0.01043480296005283,300,1,0,1,0,0,0,0,1,0,0,0,0,2,0
4,9,0.0006788189294024755,300,0,1,0,1,0,0,0,0,0,0,0,1,1,1
11,3,0.0012067174516118505,150,0,1,0,1,0,0,0,0,0,0,0,1,1,0
8,11,0.0019383979062790328,100,0,1,1,0,0,0,0,0,0,0,0,1,1,0
13,15,0.009613105400448213,50,1,0,0,1,0,0,0,0,0,1,0,0,2,0
13,20,-0.0006213273516557085,60,0,1,1,0,0,0,0,0,0,0,0,1,1,1
13,19,-0.0008883601244521393,60,0,1,1,0,0,0,0,0,0,0,0,1,1,1
15,11,0.0007490221557445916,10,1,0,0,1,0,0,1,0,0,0,0,0,3,1
1,1,0.01032718282817703,300,1,0,1,0,0,0,0,0,0,1,0,0,2,0
8,10,-2.6792335455227534e-05,60,0,1,1,0,0,0,0,0,0,0,0,1,1,1
11,5,0.00014098431315991014,10,1,0,0,1,0,0,1,0,0,0,0,0,3,1
10,22,0.009437255476350812,50,1,0,0,1,0,0,0,0,0,1,0,0,2,0
9,14,0.001223875989808413,10,1,0,0,1,0,0,0,0,1,0,0,0,3,0
18,15,6.561059098761375e-05,300,0,1,0,1,0,0,0,0,0,0,0,1,1,1
9,2,5.569739730244644e-05,300,0,1,0,1,0,0,0,0,0,0,0,1,1,1
18,12,0.010362883311949346,300,1,0,1,0,0,0,0,0,0,1,0,0,2,0
4,19,0.0012405046158683567,50,0,1,0,1,1,0,0,0,0,0,0,0,1,0
8,18,0.0011119420121395657,100,0,1,1,0,1,0,0,0,0,0,0,0,1,0
1,23,0.009604762772277344,100,0,1,0,1,0,0,0,0,0,0,0,1,1,0
12,12,0.001235734178567998,50,1,0,1,0,0,0,1,0,0,0,0,0,2,0
19,19,0.010941012248237517,300,1,0,1,0,0,0,0,0,0,1,0,0,2,0
3,10,0.01067271002307749,300,1,0,1,0,0,0,0,0,0,1,0,0,2,0
4,6,0.0017965933133196985,100,0,1,1,0,0,0,0,0,0,0,0,1,1,0
12,21,0.0007443921617844075,50,0,1,0,1,1,0,0,0,0,0,0,0,1,1
6,0,0.00950519758987071,100,0,1,0,1,0,0,0,0,0,0,0,1,1,0
10,15,0.000937106539950176,50,0,1,0,1,1,0,0,0,0,0,0,0,1,1
11,16,2.8862456144347303e-05,10,1,0,0,1,0,0,0,0,1,0,0,0,3,1
2,10,0.010547095759235474,50,1,0,0,1,0,0,0,0,0,1,0,0,2,0
8,9,0.00915376768514259,50,1,0,0,1,0,0,0,0,0,1,0,0,2,0
20,11,0.0017647751597303068,50,1,0,1,0,0,0,1,0,0,0,0,0,2,0
11,3,-7.800394928949471e-05,300,0,1,0,1,0,0,0,0,0,0,0,1,1,1
21,18,0.00978655946502629,50,1,0,0,1,0,0,0,0,0,1,0,0,2,0
9,12,-0.0005050521876300838,300,0,1,1,0,0,0,0,0,0,0,0,1,1,1
20,7,-0.0008264283359328846,10,1,0,0,1,0,0,1,0,0,0,0,0,3,1
7,21,0.010411585291980958,300,1,0,1,0,0,0,0,1,0,0,0,0,2,0
8,0,0.001036658983594202,50,0,1,0,1,1,0,0,0,0,0,0,0,1,0
19,4,-0.000643980449870527,60,0,1,1,0,0,0,0,0,0,0,0,1,1,1
2,2,-0.0006465393860318081,100,0,1,1,0,0,0,0,0,0,0,0,1,1,1
11,11,0.009832107650354936,300,1,0,1,0,0,0,0,0,0,1,0,0,2,0
17,0,0.010834510762644696,300,1,0,1,0,0,0,0,1,0,0,0,0,2,0
18,15,-0.0001287956756818024,300,0,1,1,0,0,0,0,0,0,0,0,1,1,1
5,6,0.0002484285234409469,100,0,1,1,0,0,0,0,0,0,0,0,1,1,1
14,5,0.0008771284679570279,100,0,1,1,0,0,0,0,0,0,0,0,1,1,1
15,1,-0.00013536178487383524,10,1,0,0,1,0,0,0,0,1,0,0,0,3,1
10,20,-0.001347443321470786,10,1,0,0,1,0,0,0,0,1,0,0,0,3,1
22,20,-2.6147433258906103e-05,10,1,0,0,1,0,0,0,0,1,0,0,0,3,1
17,1,0.0008845327348956611,50,1,0,1,0,0,0,1,0,0,0,0,0,2,1
20,9,0.0013481031824067093,100,0,1,1,0,0,0,0,0,0,0,0,1,1,0
12,16,0.010924478047472673,100,0,1,0,1,0,0,0,0,0,0,0,1,1,0
7,21,0.0005642825147738787,10,1,0,0,1,0,0,0,0,1,0,0,0,3,1
11,15,0.009865555654722585,300,1,0,1,0,0,0,0,0,0,1,0,0,2,0
10,5,0.009446737045629166,300,1,0,1,0,0,0,0,0,0,1,0,0,2,0
4,0,0.01128667990162493,50,1,0,0,1,0,0,0,0,0,1,0,0,2,0
22,12,0.010029609217007244,50,1,0,0,1,0,0,0,0,0,1,0,0,2,0
17,15,0.010006964645956472,100,0,1,0,1,0,0,0,0,0,0,0,1,1,0
8,14,0.0009879374564449985,150,0,1,0,1,0,0,0,0,0,0,0,1,1,1
15,8,0.00010004238038392747,100,0,1,1,0,0,0,0,0,0,0,0,1,1,1
18,17,-7.118020596197124e-05,60,0,1,1,0,0,0,0,0,0,0,0,1,1,1
9,18,0.009713168996559883,75,0,1,0,1,0,0,0,0,0,0,0,1,1,0
13,19,-0.00027242947062019606,100,0,1,1,0,0,0,0,0,0,0,0,1,1,1
6,16,0.009983623364892,300,1,0,1,0,0,0,0,0,0,1,0,0,2,0
10,19,0.0007282876144331175,100,0,1,1,0,1,0,0,0,0,0,0,0,1,1
8,23,0.009643577108661419,100,0,1,0,1,0,0,0,0,0,0,0,1,1,0
8,21,0.010053215113845949,300,1,0,1,0,0,0,0,0,0,1,0,0,2,0
5,15,0.009872511391289572,300,1,0,1,0,0,0,0,1,0,0,0,0,2,0
3,9,0.010751996494291344,50,1,0,0,1,0,0,0,0,0,1,0,0,2,0
14,20,-0.0003254849041965061,150,0,1,0,1,0,0,0,0,0,0,0,1,1,1
14,17,0.0005467534259612309,10,1,0,0,1,0,0,1,0,0,0,0,0,3,1
20,10,0.0006240425962488145,10,1,0,0,1,0,1,0,0,0,0,0,0,3,1
4,19,-0.001035695116204075,60,0,1,1,0,0,0,0,0,0,0,0,1,1,1
14,19,-0.00017034379704017439,300,0,1,0,1,0,0,0,0,0,0,0,1,1,1
14,22,-0.00018472043299789574,10,1,0,0,1,0,1,0,0,0,0,0,0,3,1
15,20,0.0002962441526410894,150,0,1,0,1,0,0,0,0,0,0,0,1,1,1
8,9,-0.0003879083437954376,10,1,0,0,1,0,0,0,0,1,0,0,0,3,1
22,12,-0.0005542879227329144,10,1,0,0,1,0,1,0,0,0,0,0,0,3,1
12,12,0.0018761352217118114,50,0,1,0,1,1,0,0,0,0,0,0,0,1,0
17,9,0.0014678391965737307,50,1,0,1,0,0,0,1,0,0,0,0,0,2,0
19,1,0.01063577754749708,75,0,1,0,1,0,0,0,0,0,0,0,1,1,0
3,7,0.0013608360320216176,100,0,1,1,0,0,0,0,0,0,0,0,1,1,0
19,8,0.0004354741143913854,50,1,0,1,0,0,0,1,0,0,0,0,0,2,1
1,2,0.0007377398668601133,50,0,1,0,1,1,0,0,0,0,0,0,0,1,1
17,15,0.00024568728061395907,10,1,0,0,1,0,1,0,0,0,0,0,0,3,1
5,6,-0.0006100639044459726,100,0,1,1,0,0,0,0,0,0,0,0,1,1,1
8,17,0.010356499215086194,50,1,0,0,1,0,0,0,0,0,1,0,0,2,0
11,21,-0.00011916269907906752,60,0,1,1,0,0,0,0,0,0,0,0,1,1,1
7,23,0.0008125895962252012,50,0,1,0,1,1,0,0,0,0,0,0,0,1,1
13,11,0.010355479984101745,100,0,1,0,1,0,0,0,0,0,0,0,1,1,0
18,16,0.01022213165574302,300,1,0,1,0,0,0,0,0,0,1,0,0,2,0
2,9,0.00981951691709046,300,1,0,1,0,0,0,0,0,0,1,0,0,2,0
4,16,0.001579664901682124,50,1,0,1,0,0,0,1,0,0,0,0,0,2,0
17,6,0.0004594683362000514,50,0,1,0,1,1,0,0,0,0,0,0,0,1,1
14,14,0.0003089678034721319,100,0,1,1,0,0,0,0,0,0,0,0,1,1,1
16,12,0.010296550628984193,300,1,0,1,0,0,0,0,1,0,0,0,0,2,0
20,10,-0.00015377321965699515,60,0,1,1,0,0,0,0,0,0,0,0,1,1,1
21,3,0.00016406651112105898,10,1,0,0,1,0,0,0,0,1,0,0,0,3,1
13,10,-0.0006245567881926515,60,0,1,1,0,0,0,0,0,0,0,0,1,1,1
9,21,0.00046301350960345055,300,0,1,1,0,0,0,0,0,0,0,0,1,1,1
13,18,0.0009075489317785055,50,0,1,0,1,1,0,0,0,0,0,0,0,1,1
20,20,0.00973863848974048,50,1,0,0,1,0,0,0,0,0,1,0,0,2,0
12,14,0.0005255046129184447,10,1,0,0,1,0,1,0,0,0,0,0,0,3,1
5,1,-0.0003511718452713796,100,0,1,1,0,0,0,0,0,0,0,0,1,1,1
2,5,0.009295769351818221,75,0,1,0,1,0,0,0,0,0,0,0,1,1,0
18,23,0.00022168541323804817,50,0,1,0,1,1,0,0,0,0,0,0,0,1,1
21,11,0.0013030049756728198,50,1,0,1,0,0,0,1,0,0,0,0,0,2,0
2,9,-0.0006392146762481415,10,1,0,0,1,0,0,0,0,0,0,1,0,3,1
9,9,0.0018773970909921824,150,0,1,0,1,0,0,0,0,0,0,0,1,1,0
14,20,-0.0010399647039418612,100,0,1,1,0,0,0,0,0,0,0,0,1,1,1
14,4,0.001848228184145019,100,0,1,1,0,1,0,0,0,0,0,0,0,1,0
18,18,0.010105508733601309,300,1,0,1,0,0,0,0,1,0,0,0,0,2,0
22,9,0.0009516434440648039,50,1,0,1,0,0,0,1,0,0,0,0,0,2,1
5,18,-0.00027145954340447484,10,1,0,0,1,0,0,0,0,0,0,1,0,3,1
9,7,0.010199568057176036,300,1,0,1,0,0,0,0,1,0,0,0,0,2,0
14,21,-1.781735121242418e-05,10,1,0,0,1,0,0,0,0,0,0,1,0,3,1
17,23,0.01055165094100826,300,1,0,1,0,0,0,0,1,0,0,0,0,2,0
1,4,5.811382433101982e-05,10,1,0,0,1,0,0,1,0,0,0,0,0,3,1
18,22,0.001075150880730939,100,0,1,1,0,1,0,0,0,0,0,0,0,1,0
16,10,-0.00018080610610692795,300,0,1,1,0,0,0,0,0,0,0,0,1,1,1
19,18,-2.747281186053373e-05,10,1,0,0,1,0,0,0,0,0,0,1,0,3,1
20,13,0.0011539008844460297,100,0,1,1,0,1,0,0,0,0,0,0,0,1,0
15,4,0.009144915803671688,100,0,1,0,1,0,0,0,0,0,0,0,1,1,0
5,7,-0.0006730927110528565,10,1,0,0,1,0,0,1,0,0,0,0,0,3,1
6,4,0.0003726320470113575,300,0,1,1,0,0,0,0,0,0,0,0,1,1,1
1,22,0.010085432719063972,100,0,1,0,1,0,0,0,0,0,0,0,1,1,0
14,15,0.0009080083318236604,100,0,1,1,0,1,0,0,0,0,0,0,0,1,1
11,13,1.021696653269658e-05,10,1,0,0,1,0,1,0,0,0,0,0,0,3,1
5,21,0.0011737908526808355,150,0,1,0,1,0,0,0,0,0,0,0,1,1,0
11,16,-0.0002688798401546807,300,0,1,0,1,0,0,0,0,0,0,0,1,1,1
7,5,0.009610847637298844,75,0,1,0,1,0,0,0,0,0,0,0,1,1,0
19,18,9.892262754884077e-05,300,0,1,0,1,0,0,0,0,0,0,0,1,1,1
2,18,-0.00048818638880751596,10,1,0,0,1,0,0,1,0,0,0,0,0,3,1
6,22,0.010204126377857236,100,0,1,0,1,0,0,0,0,0,0,0,1,1,0
22,13,0.00914870819788108,50,1,0,0,1,0,0,0,0,0,1,0,0,2,0
16,0,0.0015145778186628218,100,0,1,1,0,1,0,0,0,0,0,0,0,1,0
1,5,0.0002372987412065215,100,0,1,1,0,0,0,0,0,0,0,0,1,1,1
17,13,0.00012901486715693783,300,0,1,0,1,0,0,0,0,0,0,0,1,1,1
15,21,0.010491345491972757,100,0,1,0,1,0,0,0,0,0,0,0,1,1,0
15,3,0.0008337372222312884,60,0,1,1,0,0,0,0,0,0,0,0,1,1,1
7,6,0.010507185032509065,50,1,0,0,1,0,0,0,0,0,1,0,0,2,0
12,16,0.009079562884334178,100,0,1,0,1,0,0,0,0,0,0,0,1,1,0
2,19,0.0003602115166321492,50,0,1,0,1,1,0,0,0,0,0,0,0,1,1
8,3,-0.0003114092888478394,300,0,1,0,1,0,0,0,0,0,0,0,1,1,1
13,17,1.4045525105416894e-05,10,1,0,0,1,0,1,0,0,0,0,0,0,3,1
15,18,0.0012588295102345616,100,0,1,1,0,0,0,0,0,0,0,0,1,1,0
1,7,-0.0003618719065767328,60,0,1,1,0,0,0,0,0,0,0,0,1,1,1
6,23,9.438338223853915e-05,300,0,1,1,0,0,0,0,0,0,0,0,1,1,1
6,21,0.0006223085338233387,100,0,1,1,0,0,0,0,0,0,0,0,1,1,1
13,1,0.009694241098504025,100,0,1,0,1,0,0,0,0,0,0,0,1,1,0
6,2,0.0002966694515758888,100,0,1,1,0,0,0,0,0,0,0,0,1,1,1
16,11,0.009538383376944548,100,0,1,0,1,0,0,0,0,0,0,0,1,1,0
2,14,-0.0006748423028081668,10,1,0,0,1,0,0,0,0,0,0,1,0,3,1
14,8,0.0005120633735113336,50,1,0,1,0,0,0,1,0,0,0,0,0,2,1
1,0,0.0005278208983039198,10,1,0,0,1,0,0,0,0,0,0,1,0,3,1
15,21,0.009525300555584029,300,1,0,1,0,0,0,0,0,0,1,0,0,2,0
13,9,0.011316191032418696,50,1,0,0,1,0,0,0,0,0,1,0,0,2,0
1,18,0.010246658950440446,300,1,0,1,0,0,0,0,1,0,0,0,0,2,0
7,21,9.341806184743695e-05,300,0,1,0,1,0,0,0,0,0,0,0,1,1,1
7,6,-0.0004281788900906068,60,0,1,1,0,0,0,0,0,0,0,0,1,1,1
21,18,0.0003511549397044957,10,1,0,0,1,0,0,0,0,0,0,1,0,3,1
20,13,-0.00028681891311888697,10,1,0,0,1,0,0,1,0,0,0,0,0,3,1
19,2,6.200490732268072e-05,10,1,0,0,1,0,0,0,0,0,0,1,0,3,1
13,11,0.0022800422691343974,100,0,1,1,0,1,0,0,0,0,0,0,0,1,0
3,7,-4.702994986232494e-05,10,1,0,0,1,0,0,1,0,0,0,0,0,3,1
15,0,0.0015746366631428379,100,0,1,1,0,1,0,0,0,0,0,0,0,1,0
3,9,-0.0003505882125629437,10,1,0,0,1,0,0,0,0,1,0,0,0,3,1
8,19,0.0009825057547515191,100,0,1,1,0,1,0,0,0,0,0,0,0,1,1
7,11,0.001885400317817755,100,0,1,1,0,0,0,0,0,0,0,0,1,1,0
14,4,-0.00031248352889388367,10,1,0,0,1,0,0,1,0,0,0,0,0,3,1
5,8,0.0009072242789984644,300,0,1,1,0,0,0,0,0,0,0,0,1,1,1
10,7,0.0003548759677277377,300,0,1,0,1,0,0,0,0,0,0,0,1,1,1
13,17,0.009718766612052867,75,0,1,0,1,0,0,0,0,0,0,0,1,1,0
12,16,0.0003172038695277605,10,1,0,0,1,0,1,0,0,0,0,0,0,3,1
13,6,0.00048727722481336496,100,0,1,1,0,0,0,0,0,0,0,0,1,1,1
9,15,0.010310904981108598,300,1,0,1,0,0,0,0,0,0,1,0,0,2,0
15,9,-0.0007841123599452282,10,1,0,0,1,0,0,0,0,0,0,1,0,3,1
8,23,0.009636431412087566,75,0,1,0,1,0,0,0,0,0,0,0,1,1,0
1,2,0.0008762406822242476,100,0,1,1,0,1,0,0,0,0,0,0,0,1,1
18,9,-3.621671455002315e-05,60,0,1,1,0,0,0,0,0,0,0,0,1,1,1
1,8,0.000311336048775339,10,1,0,0,1,0,0,0,0,1,0,0,0,3,1
17,13,8.985050046662691e-05,300,0,1,0,1,0,0,0,0,0,0,0,1,1,1
2,7,-0.0006666721793550507,300,0,1,1,0,0,0,0,0,0,0,0,1,1,1
20,9,0.0001910989255029816,100,0,1,1,0,0,0,0,0,0,0,0,1,1,1
2,11,0.010305292872641912,300,1,0,1,0,0,0,0,1,0,0,0,0,2,0
3,14,0.0012798952239655198,100,0,1,1,0,0,0,0,0,0,0,0,1,1,0
8,13,0.0005413903627773109,10,1,0,0,1,0,1,0,0,0,0,0,0,3,1
22,11,0.0004179610772744521,10,1,0,0,1,0,1,0,0,0,0,0,0,3,1
21,22,0.0012295900396142184,50,1,0,1,0,0,0,1,0,0,0,0,0,2,0
17,12,-3.408285572932352e-05,300,0,1,0,1,0,0,0,0,0,0,0,1,1,1
19,21,-0.0008294804667579957,10,1,0,0,1,0,0,1,0,0,0,0,0,3,1
1,20,0.010214809109566294,300,1,0,1,0,0,0,0,0,0,1,0,0,2,0
7,17,0.00010484384358155557,100,0,1,1,0,0,0,0,0,0,0,0,1,1,1
17,19,0.0011357894185976868,150,0,1,0,1,0,0,0,0,0,0,0,1,1,0
20,5,-0.0006373742879101547,300,0,1,0,1,0,0,0,0,0,0,0,1,1,1
7,13,-0.0005395282702041312,10,1,0,0,1,0,1,0,0,0,0,0,0,3,1
2,15,0.010526576426666451,50,1,0,0,1,0,0,0,0,0,1,0,0,2,0
11,1,0.0009802224230716725,100,0,1,1,0,0,0,0,0,0,0,0,1,1,1
12,4,0.00034175034868631223,10,1,0,0,1,0,0,0,0,1,0,0,0,3,1
8,2,1.5159188065230588e-05,10,1,0,0,1,0,1,0,0,0,0,0,0,3,1
11,8,0.010014878069747872,300,1,0,1,0,0,0,0,1,0,0,0,0,2,0
12,20,0.00047014190298799886,300,0,1,1,0,0,0,0,0,0,0,0,1,1,1
8,9,-0.0002570223641086869,10,1,0,0,1,0,1,0,0,0,0,0,0,3,1
6,21,0.010048060388470491,100,0,1,0,1,0,0,0,0,0,0,0,1,1,0
2,16,0.0007688623556474788,150,0,1,0,1,0,0,0,0,0,0,0,1,1,1
20,5,0.0007827518862838423,50,1,0,1,0,0,0,1,0,0,0,0,0,2,1
16,11,0.009845413938265681,300,1,0,1,0,0,0,0,0,0,1,0,0,2,0
1,15,0.00011206688581685642,60,0,1,1,0,0,0,0,0,0,0,0,1,1,1
7,10,0.00976062568916826,75,0,1,0,1,0,0,0,0,0,0,0,1,1,0
3,12,0.01062787806278676,300,1,0,1,0,0,0,0,0,0,1,0,0,2,0
2,9,0.000552696348890248,50,1,0,1,0,0,0,1,0,0,0,0,0,2,1
18,20,0.009906564177919321,300,1,0,1,0,0,0,0,0,0,1,0,0,2,0
9,1,0.0007801344708629125,50,1,0,1,0,0,0,1,0,0,0,0,0,2,1
8,15,0.0007244889421768665,10,1,0,0,1,0,0,0,0,1,0,0,0,3,1
16,11,0.0010982773882557873,100,0,1,1,0,1,0,0,0,0,0,0,0,1,0
9,1,0.0005169222697343174,100,0,1,1,0,0,0,0,0,0,0,0,1,1,1
10,7,0.009257219813481514,100,0,1,0,1,0,0,0,0,0,0,0,1,1,0
10,4,0.01013352513293463,100,0,1,0,1,0,0,0,0,0,0,0,1,1,0
3,9,0.0004458153978117186,10,1,0,0,1,0,0,0,0,1,0,0,0,3,1
12,20,0.001041141994637712,50,0,1,0,1,1,0,0,0,0,0,0,0,1,0
11,23,0.0015327401875326757,150,0,1,0,1,0,0,0,0,0,0,0,1,1,0
3,16,0.0007413557749498139,100,0,1,1,0,0,0,0,0,0,0,0,1,1,1
19,19,0.01070467372009279,75,0,1,0,1,0,0,0,0,0,0,0,1,1,0
10,4,0.0011504490618096251,10,1,0,0,1,0,0,1,0,0,0,0,0,3,0
16,20,-0.00018041928021982954,10,1,0,0,1,0,0,1,0,0,0,0,0,3,1
6,2,0.009777248739299615,50,1,0,0,1,0,0,0,0,0,1,0,0,2,0
14,14,0.0007276922385588505,100,0,1,1,0,0,0,0,0,0,0,0,1,1,1
11,16,0.0007907860728653562,100,0,1,1,0,0,0,0,0,0,0,0,1,1,1
19,12,0.0007385699864233659,100,0,1,1,0,0,0,0,0,0,0,0,1,1,1
16,8,0.0007899065914520714,100,0,1,1,0,0,0,0,0,0,0,0,1,1,1
1,21,-0.00013989230443025362,300,0,1,1,0,0,0,0,0,0,0,0,1,1,1
2,12,0.0003277747444828615,50,0,1,0,1,1,0,0,0,0,0,0,0,1,1
4,11,0.0005406740267579009,100,0,1,1,0,1,0,0,0,0,0,0,0,1,1
7,7,-0.0005010703833760339,100,0,1,1,0,0,0,0,0,0,0,0,1,1,1
13,20,0.0006161012174479357,150,0,1,0,1,0,0,0,0,0,0,0,1,1,1
3,8,0.009982657556306609,100,0,1,0,1,0,0,0,0,0,0,0,1,1,0
13,20,0.0011171073662682605,150,0,1,0,1,0,0,0,0,0,0,0,1,1,0
17,9,0.0017752502464070384,50,1,0,1,0,0,0,1,0,0,0,0,0,2,0
10,19,0.0005008229796306046,50,1,0,1,0,0,0,1,0,0,0,0,0,2,1
11,16,0.0004931611992382919,300,0,1,1,0,0,0,0,0,0,0,0,1,1,1
22,9,0.009893005577887245,300,1,0,1,0,0,0,0,1,0,0,0,0,2,0
11,20,0.009975268145173783,75,0,1,0,1,0,0,0,0,0,0,0,1,1,0
5,16,0.00033840974608330193,100,0,1,1,0,0,0,0,0,0,0,0,1,1,1
11,13,-0.0005603610107811493,300,0,1,1,0,0,0,0,0,0,0,0,1,1,1
19,2,0.010191204873092026,300,1,0,1,0,0,0,0,0,0,1,0,0,2,0
4,0,8.422610410652805e-05,100,0,1,1,0,0,0,0,0,0,0,0,1,1,1
6,12,0.00024722563200407457,300,0,1,1,0,0,0,0,0,0,0,0,1,1,1
10,5,0.00014558432195390904,300,0,1,0,1,0,0,0,0,0,0,0,1,1,1
15,4,0.001228650069955447,300,0,1,1,0,0,0,0,0,0,0,0,1,1,0
15,22,-0.00031786999212565797,10,1,0,0,1,0,0,0,0,0,0,1,0,3,1
3,13,-0.0002644984775009088,10,1,0,0,1,0,0,0,0,0,0,1,0,3,1
10,4,0.0006884297367876178,150,0,1,0,1,0,0,0,0,0,0,0,1,1,1
9,8,0.0007222614404198727,100,0,1,1,0,1,0,0,0,0,0,0,0,1,1
16,1,0.00968130643634674,100,0,1,0,1,0,0,0,0,0,0,0,1,1,0
5,6,0.001594508265553776,50,0,1,0,1,1,0,0,0,0,0,0,0,1,0
8,17,0.0007112521239949275,300,0,1,0,1,0,0,0,0,0,0,0,1,1,1
8,16,0.009714626853125262,300,1,0,1,0,0,0,0,1,0,0,0,0,2,0
1,11,0.009583822213447887,100,0,1,0,1,0,0,0,0,0,0,0,1,1,0
4,15,0.00023670777819320205,60,0,1,1,0,0,0,0,0,0,0,0,1,1,1
20,17,-0.0002751115221404856,10,1,0,0,1,0,0,0,0,0,0,1,0,3,1
17,13,0.0003174659088777554,60,0,1,1,0,0,0,0,0,0,0,0,1,1,1
3,23,0.00010246151042564985,300,0,1,1,0,0,0,0,0,0,0,0,1,1,1
19,12,-0.0007568720574986159,300,0,1,0,1,0,0,0,0,0,0,0,1,1,1
7,13,0.0007747526006650308,10,1,0,0,1,0,1,0,0,0,0,0,0,3,1
6,14,0.0008989388365477609,100,0,1,1,0,0,0,0,0,0,0,0,1,1,1
11,4,0.0006936056547578069,50,1,0,1,0,0,0,1,0,0,0,0,0,2,1
19,14,0.009806149220032008,300,1,0,1,0,0,0,0,0,0,1,0,0,2,0
22,15,0.00014393269536245248,10,1,0,0,1,0,0,0,0,1,0,0,0,3,1
7,6,0.0011672283949935125,50,1,0,1,0,0,0,1,0,0,0,0,0,2,0
2,7,0.00033027213633641525,10,1,0,0,1,0,0,1,0,0,0,0,0,3,1
14,3,0.011005102269383175,100,0,1,0,1,0,0,0,0,0,0,0,1,1,0
15,7,0.009911526386252976,75,0,1,0,1,0,0,0,0,0,0,0,1,1,0
9,19,0.0006008513777307732,50,0,1,0,1,1,0,0,0,0,0,0,0,1,1
19,21,0.00031034038599273635,150,0,1,0,1,0,0,0,0,0,0,0,1,1,1
9,8,0.00963453498002904,300,1,0,1,0,0,0,0,1,0,0,0,0,2,0
20,6,0.009983436513563102,300,1,0,1,0,0,0,0,0,0,1,0,0,2,0
3,21,0.010897278931758894,300,1,0,1,0,0,0,0,1,0,0,0,0,2,0
7,18,0.009741194350481914,300,1,0,1,0,0,0,0,0,0,1,0,0,2,0
19,13,0.0011118939758194492,100,0,1,1,0,1,0,0,0,0,0,0,0,1,0
2,22,0.009991788551963624,100,0,1,0,1,0,0,0,0,0,0,0,1,1,0
12,2,0.0005951966367240421,300,0,1,1,0,0,0,0,0,0,0,0,1,1,1
15,1,0.002263466212936811,100,0,1,1,0,0,0,0,0,0,0,0,1,1,0
19,6,-0.0002644343864601603,300,0,1,1,0,0,0,0,0,0,0,0,1,1,1
15,6,-0.0002437197212591111,10,1,0,0,1,0,0,0,0,1,0,0,0,3,1
3,6,0.010522080438534536,75,0,1,0,1,0,0,0,0,0,0,0,1,1,0
4,17,0.0003419457448131557,60,0,1,1,0,0,0,0,0,0,0,0,1,1,1
15,2,0.0009243536628680168,10,1,0,0,1,0,0,0,0,1,0,0,0,3,1
14,21,0.010291964092662982,100,0,1,0,1,0,0,0,0,0,0,0,1,1,0
2,14,0.00982035395460647,50,1,0,0,1,0,0,0,0,0,1,0,0,2,0
4,18,0.0002963274153461547,60,0,1,1,0,0,0,0,0,0,0,0,1,1,1
12,0,0.001554351790291454,100,0,1,1,0,1,0,0,0,0,0,0,0,1,0
9,23,0.001410241090598682,100,0,1,1,0,0,0,0,0,0,0,0,1,1,0
22,19,0.01025363701555365,300,1,0,1,0,0,0,0,1,0,0,0,0,2,0
5,11,0.000534337344794577,10,1,0,0,1,0,1,0,0,0,0,0,0,3,1
17,10,0.0005856477952228364,10,1,0,0,1,0,0,0,0,0,0,1,0,3,1
18,15,0.0006920794955187636,60,0,1,1,0,0,0,0,0,0,0,0,1,1,1
5,16,0.0013243549437948214,100,0,1,1,0,0,0,0,0,0,0,0,1,1,0
15,19,0.009916440959841573,300,1,0,1,0,0,0,0,0,0,1,0,0,2,0
2,22,7.435684321666142e-05,300,0,1,0,1,0,0,0,0,0,0,0,1,1,1
6,8,0.0016032544832541786,100,0,1,1,0,0,0,0,0,0,0,0,1,1,0
6,16,0.0005915321645063819,100,0,1,1,0,0,0,0,0,0,0,0,1,1,1
1,17,0.0001853366544364506,60,0,1,1,0,0,0,0,0,0,0,0,1,1,1
9,20,0.00980333059383632,100,0,1,0,1,0,0,0,0,0,0,0,1,1,0
14,11,0.01001437241146741,50,1,0,0,1,0,0,0,0,0,1,0,0,2,0
8,14,0.0006402259313036493,300,0,1,1,0,0,0,0,0,0,0,0,1,1,1
3,9,0.010095549534009951,75,0,1,0,1,0,0,0,0,0,0,0,1,1,0
11,3,0.0010232182740780745,150,0,1,0,1,0,0,0,0,0,0,0,1,1,0
7,22,0.009320071929510041,300,1,0,1,0,0,0,0,1,0,0,0,0,2,0
10,13,0.0003741267830136104,10,1,0,0,1,0,0,0,0,1,0,0,0,3,1
9,23,0.010322742090570538,300,1,0,1,0,0,0,0,1,0,0,0,0,2,0
11,10,0.00108262736165273,10,1,0,0,1,0,1,0,0,0,0,0,0,3,0
6,21,-0.00015288911747650042,10,1,0,0,1,0,0,0,0,0,0,1,0,3,1
14,2,0.00011057516383196948,100,0,1,1,0,0,0,0,0,0,0,0,1,1,1
3,14,0.0011246918418553777,50,1,0,1,0,0,0,1,0,0,0,0,0,2,0
11,9,0.010788726639881738,300,1,0,1,0,0,0,0,0,0,1,0,0,2,0
3,6,-4.664776619347605e-05,300,0,1,1,0,0,0,0,0,0,0,0,1,1,1
8,18,0.0001405107628851696,300,0,1,1,0,0,0,0,0,0,0,0,1,1,1
20,6,0.0013039482548582696,100,0,1,1,0,0,0,0,0,0,0,0,1,1,0
19,19,0.0010933045615781792,100,0,1,1,0,1,0,0,0,0,0,0,0,1,0
4,14,0.009776783192724736,75,0,1,0,1,0,0,0,0,0,0,0,1,1,0
18,19,0.010097044996449154,300,1,0,1,0,0,0,0,0,0,1,0,0,2,0
18,16,0.001536815874929886,100,0,1,1,0,1,0,0,0,0,0,0,0,1,0
16,10,0.00948674235029447,100,0,1,0,1,0,0,0,0,0,0,0,1,1,0
10,18,0.001066484837073438,50,0,1,0,1,1,0,0,0,0,0,0,0,1,0
2,18,-0.0003490604074695866,10,1,0,0,1,0,0,0,0,1,0,0,0,3,1
5,2,0.0005985233144624213,10,1,0,0,1,0,0,1,0,0,0,0,0,3,1
9,11,0.00023840654760811264,50,1,0,1,0,0,0,1,0,0,0,0,0,2,1
10,2,-0.00027846092363579416,10,1,0,0,1,0,0,1,0,0,0,0,0,3,1
4,14,0.00018960593753226043,10,1,0,0,1,0,0,0,0,1,0,0,0,3,1
15,8,0.01078276201461717,50,1,0,0,1,0,0,0,0,0,1,0,0,2,0
20,7,0.0009671248694635062,100,0,1,1,0,0,0,0,0,0,0,0,1,1,1
2,22,0.0097224002366534,100,0,1,0,1,0,0,0,0,0,0,0,1,1,0
13,3,0.0009415785347202952,10,1,0,0,1,0,0,0,0,0,0,1,0,3,1
4,3,-0.000723006950208122,60,0,1,1,0,0,0,0,0,0,0,0,1,1,1
3,20,-9.9402978310041e-05,100,0,1,1,0,1,0,0,0,0,0,0,0,1,1
13,14,0.0012200072250266663,50,0,1,0,1,1,0,0,0,0,0,0,0,1,0
21,13,0.009748972887823695,300,1,0,1,0,0,0,0,0,0,1,0,0,2,0
20,20,-0.0005096164085653566,300,0,1,1,0,0,0,0,0,0,0,0,1,1,1
11,9,0.0013541782236496766,150,0,1,0,1,0,0,0,0,0,0,0,1,1,0
5,17,0.010121900356885599,50,1,0,0,1,0,0,0,0,0,1,0,0,2,0
9,23,0.009717960684631636,75,0,1,0,1,0,0,0,0,0,0,0,1,1,0
13,16,-0.0006391521993354472,10,1,0,0,1,0,0,0,0,0,0,1,0,3,1
13,6,0.0014362286641400723,100,0,1,1,0,1,0,0,0,0,0,0,0,1,0
10,23,0.01032510058897933,100,0,1,0,1,0,0,0,0,0,0,0,1,1,0
1,19,-4.858793188969146e-05,10,1,0,0,1,0,1,0,0,0,0,0,0,3,1
7,3,0.001923318498023833,100,0,1,1,0,0,0,0,0,0,0,0,1,1,0
13,21,-0.0005340423831630762,100,0,1,1,0,0,0,0,0,0,0,0,1,1,1
3,2,-0.0007617625854623694,10,1,0,0,1,0,0,0,0,1,0,0,0,3,1
2,6,-0.0003449540349406222,100,0,1,1,0,0,0,0,0,0,0,0,1,1,1
16,4,-2.1793008177748903e-05,100,0,1,1,0,0,0,0,0,0,0,0,1,1,1
13,17,0.00012266972466134593,10,1,0,0,1,0,1,0,0,0,0,0,0,3,1
11,3,0.0008793819710718351,50,1,0,1,0,0,0,1,0,0,0,0,0,2,1
4,14,0.0011760276982571483,50,1,0,1,0,0,0,1,0,0,0,0,0,2,0
19,10,-0.000624769712095222,10,1,0,0,1,0,0,0,0,0,0,1,0,3,1
13,3,0.0007228823020366298,100,0,1,1,0,0,0,0,0,0,0,0,1,1,1
16,10,0.0009589244108037156,150,0,1,0,1,0,0,0,0,0,0,0,1,1,1
7,12,0.0005596479157940639,300,0,1,1,0,0,0,0,0,0,0,0,1,1,1
1,16,0.010171362673188852,100,0,1,0,1,0,0,0,0,0,0,0,1,1,0
10,5,0.001228376609576892,150,0,1,0,1,0,0,0,0,0,0,0,1,1,0
22,22,0.010284883640116102,300,1,0,1,0,0,0,0,0,0,1,0,0,2,0
18,23,0.00022485428000865748,10,1,0,0,1,0,0,0,0,0,0,1,0,3,1
6,22,0.001321361379933772,50,0,1,0,1,1,0,0,0,0,0,0,0,1,0
13,17,0.010664576265066216,300,1,0,1,0,0,0,0,0,0,1,0,0,2,0
9,21,0.010098260584850735,50,1,0,0,1,0,0,0,0,0,1,0,0,2,0
12,22,0.010354501878794256,75,0,1,0,1,0,0,0,0,0,0,0,1,1,0
18,18,-4.386784714361336e-05,10,1,0,0,1,0,0,0,0,0,0,1,0,3,1
20,8,0.0007210586077247364,100,0,1,1,0,0,0,0,0,0,0,0,1,1,1
13,2,0.009661803848970365,300,1,0,1,0,0,0,0,0,0,1,0,0,2,0
11,14,0.010900470216455408,75,0,1,0,1,0,0,0,0,0,0,0,1,1,0
17,2,-1.9078975322171705e-05,10,1,0,0,1,0,0,0,0,0,0,1,0,3,1
12,10,0.0002846124489409759,50,1,0,1,0,0,0,1,0,0,0,0,0,2,1
16,22,0.010064052207455395,100,0,1,0,1,0,0,0,0,0,0,0,1,1,0
14,0,-0.0003395258287374404,10,1,0,0,1,0,0,0,0,0,0,1,0,3,1
10,1,0.0004213217744943621,300,0,1,1,0,0,0,0,0,0,0,0,1,1,1
12,17,0.009673688010348805,75,0,1,0,1,0,0,0,0,0,0,0,1,1,0
22,15,-0.00022209171660738985,10,1,0,0,1,0,0,1,0,0,0,0,0,3,1
7,16,5.522963452723453e-05,50,1,0,1,0,0,0,1,0,0,0,0,0,2,1
8,12,0.0007738468403754616,150,0,1,0,1,0,0,0,0,0,0,0,1,1,1
13,23,-0.0012109396633144785,10,1,0,0,1,0,1,0,0,0,0,0,0,3,1
20,15,0.009208048588257139,300,1,0,1,0,0,0,0,1,0,0,0,0,2,0
3,19,0.0003812073280721487,10,1,0,0,1,0,0,0,0,0,0,1,0,3,1
3,17,0.0003939000793254161,60,0,1,1,0,0,0,0,0,0,0,0,1,1,1
2,18,0.00021372878089248237,10,1,0,0,1,0,0,1,0,0,0,0,0,3,1
15,2,0.0005165119284353935,50,0,1,0,1,1,0,0,0,0,0,0,0,1,1
7,3,-2.2855678070989928e-05,300,0,1,1,0,0,0,0,0,0,0,0,1,1,1
3,14,-8.012695452842022e-07,10,1,0,0,1,0,0,0,0,0,0,1,0,3,1
16,13,0.00042081765540372866,150,0,1,0,1,0,0,0,0,0,0,0,1,1,1
5,17,0.010751699150883576,100,0,1,0,1,0,0,0,0,0,0,0,1,1,0
1,16,0.0004396811452878357,60,0,1,1,0,0,0,0,0,0,0,0,1,1,1
4,2,-0.00010948208691483197,300,0,1,0,1,0,0,0,0,0,0,0,1,1,1
3,3,0.0010134429194972655,50,1,0,1,0,0,0,1,0,0,0,0,0,2,0
10,21,0.00010519140397377624,60,0,1,1,0,0,0,0,0,0,0,0,1,1,1
3,15,-2.086743421214534e-05,50,1,0,1,0,0,0,1,0,0,0,0,0,2,1
22,7,-0.00012258869126029846,10,1,0,0,1,0,1,0,0,0,0,0,0,3,1
10,13,0.0096590078760011,75,0,1,0,1,0,0,0,0,0,0,0,1,1,0
13,0,0.009499189995052542,100,0,1,0,1,0,0,0,0,0,0,0,1,1,0
18,8,0.009859449853557023,300,1,0,1,0,0,0,0,1,0,0,0,0,2,0
10,20,0.0008998432634247613,10,1,0,0,1,0,0,0,0,1,0,0,0,3,1
22,9,0.010320421430633504,300,1,0,1,0,0,0,0,0,0,1,0,0,2,0
11,13,0.009714410505108602,100,0,1,0,1,0,0,0,0,0,0,0,1,1,0
17,21,0.0012862913906780793,100,0,1,1,0,1,0,0,0,0,0,0,0,1,0
